"日付","始値","高値","安値","終値","前日比","出来高","売買代金","貸株残高","融資残高","貸借倍率","逆日歩","特別空売り料","5DMA","25DMA","75DMA","100DMA","200DMA","5DVMA","25DVMA","75DVMA"
"2017/03/21","-","-","-","-","-","0","-","-","-","-","-","-","-","-","-","-","-","-","-","-"
"2017/03/22","2,280.0","2,389.0","2,185.0","2,350.0","0.0","27,800","63,013","0","8,000","0.00","-","-","-","-","-","-","-","-","-","-"
"2017/03/23","2,330.0","2,348.0","2,280.0","2,300.0","-50.0","13,600","31,346","0","12,000","0.00","-","2.70","-","-","-","-","-","-","-","-"
"2017/03/24","2,310.0","2,310.0","2,244.0","2,300.0","0.0","8,700","19,888","0","14,200","0.00","-","2.60","-","-","-","-","-","-","-","-"
"2017/03/27","2,250.0","2,289.0","2,221.0","2,246.0","-54.0","4,500","10,110","0","14,700","0.00","-","2.60","1,839.00","-","-","-","-","10,920","-","-"
"2017/03/28","2,246.0","2,300.0","2,211.0","2,213.0","-33.0","7,800","17,433","0","16,500","0.00","-","2.60","2,281.80","-","-","-","-","12,480","-","-"
"2017/03/29","2,220.0","2,240.0","2,218.0","2,219.0","+6.0","3,600","8,008","0","16,500","0.00","-","2.60","2,255.60","-","-","-","-","7,640","-","-"
"2017/03/30","2,220.0","2,244.0","2,206.0","2,206.0","-13.0","2,800","6,205","0","16,500","0.00","-","2.60","2,236.80","-","-","-","-","5,480","-","-"
"2017/03/31","2,245.0","2,245.0","2,104.0","2,169.0","-37.0","9,800","21,545","0","16,600","0.00","-","2.60","2,210.60","-","-","-","-","5,700","-","-"
"2017/04/03","2,165.0","2,185.0","2,082.0","2,101.0","-68.0","12,600","26,735","0","16,500","0.00","-","2.50","2,181.60","-","-","-","-","7,320","-","-"
"2017/04/04","2,101.0","2,119.0","2,019.0","2,048.0","-53.0","18,100","37,199","0","16,500","0.00","-","2.50","2,148.60","-","-","-","-","9,380","-","-"
"2017/04/05","2,048.0","2,048.0","1,983.0","2,015.0","-33.0","14,400","28,839","0","16,700","0.00","-","2.40","2,107.80","-","-","-","-","11,540","-","-"
"2017/04/06","1,990.0","1,998.0","1,951.0","1,970.0","-45.0","15,200","30,032","0","16,900","0.00","-","2.40","2,060.60","-","-","-","-","14,020","-","-"
"2017/04/07","1,968.0","2,025.0","1,965.0","2,005.0","+35.0","10,000","19,863","0","16,900","0.00","-","2.40","2,027.80","-","-","-","-","14,060","-","-"
"2017/04/10","2,053.0","2,074.0","2,041.0","2,046.0","+41.0","3,700","7,612","0","16,900","0.00","-","2.40","2,016.80","-","-","-","-","12,280","-","-"
"2017/04/11","2,065.0","2,095.0","2,051.0","2,068.0","+22.0","3,700","7,662","0","16,900","0.00","-","2.40","2,020.80","-","-","-","-","9,400","-","-"
"2017/04/12","2,076.0","2,160.0","2,046.0","2,046.0","-22.0","9,800","20,309","0","16,900","0.00","-","2.50","2,027.00","-","-","-","-","8,480","-","-"
"2017/04/13","2,020.0","2,039.0","2,000.0","2,013.0","-33.0","5,400","10,885","0","16,900","0.00","-","2.40","2,035.60","-","-","-","-","6,520","-","-"
"2017/04/14","2,001.0","2,038.0","2,000.0","2,030.0","+17.0","3,200","6,440","0","16,900","0.00","-","2.40","2,040.60","-","-","-","-","5,160","-","-"
"2017/04/17","2,070.0","2,139.0","2,056.0","2,085.0","+55.0","11,500","24,235","0","16,900","0.00","-","2.40","2,048.40","-","-","-","-","6,720","-","-"
"2017/04/18","2,120.0","2,179.0","2,120.0","2,135.0","+50.0","5,800","12,452","0","16,900","0.00","-","2.50","2,061.80","-","-","-","-","7,140","-","-"
"2017/04/19","2,164.0","2,180.0","2,135.0","2,159.0","+24.0","2,900","6,262","0","16,900","0.00","-","2.50","2,084.40","-","-","-","-","5,760","-","-"
"2017/04/20","2,159.0","2,185.0","2,114.0","2,162.0","+3.0","4,000","8,629","0","16,900","0.00","-","2.50","2,114.20","-","-","-","-","5,480","-","-"
"2017/04/21","2,183.0","2,222.0","2,162.0","2,193.0","+31.0","8,200","17,966","0","16,500","0.00","-","2.50","2,146.80","-","-","-","-","6,480","-","-"
"2017/04/24","2,195.0","2,200.0","2,163.0","2,166.0","-27.0","4,100","8,941","0","16,500","0.00","-","2.50","2,163.00","2,049.76","-","-","-","5,000","8,448","-"
"2017/04/25","2,168.0","2,200.0","2,166.0","2,174.0","+8.0","3,300","7,208","0","16,500","0.00","-","2.50","2,170.80","2,136.76","-","-","-","4,500","8,580","-"
"2017/04/26","2,179.0","2,200.0","2,168.0","2,178.0","+4.0","6,300","13,818","0","16,500","0.00","-","2.50","2,174.60","2,129.88","-","-","-","5,180","7,720","-"
"2017/04/27","2,160.0","2,180.0","2,160.0","2,175.0","-3.0","1,900","4,118","0","16,500","0.00","-","2.50","2,177.20","2,124.88","-","-","-","4,760","7,252","-"
"2017/04/28","2,180.0","2,180.0","2,160.0","2,160.0","-15.0","2,100","4,552","0","16,500","0.00","-","2.50","2,170.60","2,119.28","-","-","-","3,540","6,988","-"
"2017/05/01","2,163.0","2,220.0","2,163.0","2,171.0","+11.0","7,900","17,260","0","16,500","0.00","-","2.50","2,171.60","2,116.28","-","-","-","4,300","7,124","-"
"2017/05/02","2,194.0","2,197.0","2,155.0","2,171.0","0.0","6,700","14,613","0","17,900","0.00","-","2.50","2,171.00","2,114.60","-","-","-","4,980","7,080","-"
"2017/05/08","2,188.0","2,200.0","2,140.0","2,179.0","+8.0","10,900","23,728","0","17,900","0.00","-","2.50","2,171.20","2,113.00","-","-","-","5,900","7,372","-"
"2017/05/09","2,182.0","2,183.0","2,155.0","2,182.0","+3.0","5,200","11,312","0","18,100","0.00","-","2.50","2,172.60","2,112.04","-","-","-","6,560","7,468","-"
"2017/05/10","2,199.0","2,219.0","2,185.0","2,218.0","+36.0","29,300","64,534","0","17,900","0.00","-","2.50","2,184.20","2,114.00","-","-","-","12,000","8,248","-"
"2017/05/11","2,242.0","2,242.0","2,210.0","2,225.0","+7.0","3,700","8,226","0","17,800","0.00","-","2.60","2,195.00","2,118.96","-","-","-","11,160","7,892","-"
"2017/05/12","2,215.0","2,215.0","2,180.0","2,191.0","-34.0","5,700","12,512","0","17,800","0.00","-","2.60","2,199.00","2,124.68","-","-","-","10,960","7,396","-"
"2017/05/15","2,197.0","2,197.0","2,172.0","2,183.0","-8.0","2,700","5,895","0","17,800","0.00","-","2.60","2,199.80","2,131.40","-","-","-","9,320","6,928","-"
"2017/05/16","2,183.0","2,198.0","2,177.0","2,179.0","-4.0","3,300","7,203","0","17,800","0.00","-","2.60","2,199.20","2,139.76","-","-","-","8,940","6,452","-"
"2017/05/17","2,182.0","2,183.0","2,160.0","2,163.0","-16.0","7,500","16,282","0","17,800","0.00","-","2.60","2,188.20","2,146.08","-","-","-","4,580","6,352","-"
"2017/05/18","2,150.0","2,169.0","2,131.0","2,168.0","+5.0","5,600","12,040","0","17,800","0.00","-","2.50","2,176.80","2,150.96","-","-","-","4,960","6,428","-"
"2017/05/19","2,171.0","2,184.0","2,169.0","2,169.0","+1.0","1,400","3,043","0","17,800","0.00","-","2.60","2,172.40","2,155.00","-","-","-","4,100","6,336","-"
"2017/05/22","2,170.0","2,175.0","2,165.0","2,175.0","+6.0","1,400","3,037","0","17,800","0.00","-","2.50","2,170.80","2,160.16","-","-","-","3,840","6,000","-"
"2017/05/23","2,175.0","2,179.0","2,153.0","2,165.0","-10.0","2,900","6,295","0","17,800","0.00","-","2.50","2,168.00","2,166.24","-","-","-","3,760","5,900","-"
"2017/05/24","2,166.0","2,188.0","2,156.0","2,158.0","-7.0","2,800","6,060","0","17,800","0.00","-","2.50","2,167.00","2,171.36","-","-","-","2,820","5,884","-"
"2017/05/25","2,175.0","2,178.0","2,155.0","2,177.0","+19.0","4,400","9,546","0","17,800","0.00","-","2.50","2,168.80","2,175.04","-","-","-","2,580","5,600","-"
"2017/05/26","2,177.0","2,179.0","2,150.0","2,179.0","+2.0","6,900","14,894","0","17,800","0.00","-","2.50","2,170.80","2,176.80","-","-","-","3,680","5,644","-"
"2017/05/29","2,178.0","2,179.0","2,165.0","2,178.0","-1.0","1,400","3,044","0","17,800","0.00","-","2.60","2,171.40","2,177.56","-","-","-","3,680","5,584","-"
"2017/05/30","2,178.0","2,180.0","2,165.0","2,180.0","+2.0","2,500","5,433","0","17,800","0.00","-","2.50","2,174.40","2,178.28","-","-","-","3,600","5,524","-"
"2017/05/31","2,180.0","2,180.0","2,174.0","2,174.0","-6.0","1,900","4,139","0","17,800","0.00","-","2.50","2,177.60","2,177.52","-","-","-","3,420","5,272","-"
"2017/06/01","2,180.0","2,189.0","2,172.0","2,172.0","-2.0","5,400","11,773","0","16,500","0.00","-","2.50","2,176.60","2,177.76","-","-","-","3,620","5,324","-"
"2017/06/02","2,174.0","2,177.0","2,167.0","2,170.0","-2.0","3,800","8,246","0","16,900","0.00","-","2.50","2,174.80","2,177.60","-","-","-","3,000","5,344","-"
"2017/06/05","2,172.0","2,219.0","2,172.0","2,218.0","+48.0","4,800","10,537","0","16,900","0.00","-","2.50","2,182.80","2,179.20","-","-","-","3,680","5,284","-"
"2017/06/06","2,229.0","2,229.0","2,205.0","2,211.0","-7.0","4,600","10,207","0","16,900","0.00","-","2.60","2,189.00","2,180.64","-","-","-","4,100","5,392","-"
"2017/06/07","2,213.0","2,213.0","2,185.0","2,195.0","-16.0","8,300","18,227","0","17,000","0.00","-","2.60","2,193.20","2,182.04","-","-","-","5,380","5,640","-"
"2017/06/08","2,150.0","2,168.0","2,148.0","2,150.0","-45.0","22,300","48,005","0","18,400","0.00","-","2.60","2,188.80","2,181.20","-","-","-","8,760","6,216","-"
"2017/06/09","2,153.0","2,165.0","2,152.0","2,165.0","+15.0","8,700","18,794","0","19,500","0.00","-","2.50","2,187.80","2,180.96","-","-","-","9,740","6,296","-"
"2017/06/12","2,179.0","2,179.0","2,152.0","2,152.0","-13.0","7,400","16,010","0","20,000","0.00","-","2.50","2,174.60","2,179.88","-","-","-","10,260","6,156","-"
"2017/06/13","2,154.0","2,163.0","2,151.0","2,161.0","+9.0","3,600","7,755","0","19,500","0.00","-","2.50","2,164.60","2,179.04","-","-","-","10,060","6,092","-"
"2017/06/14","2,168.0","2,168.0","2,150.0","2,158.0","-3.0","3,300","7,125","0","19,500","0.00","-","2.50","2,157.20","2,176.64","-","-","-","9,060","5,052","-"
"2017/06/15","2,156.0","2,160.0","2,148.0","2,160.0","+2.0","7,100","15,278","0","19,500","0.00","-","2.50","2,159.20","2,174.04","-","-","-","6,020","5,188","-"
"2017/06/16","2,159.0","2,170.0","2,150.0","2,154.0","-6.0","7,200","15,552","0","19,500","0.00","-","2.50","2,157.00","2,172.56","-","-","-","5,720","5,248","-"
"2017/06/19","2,155.0","2,165.0","2,148.0","2,163.0","+9.0","6,300","13,580","0","19,500","0.00","-","2.50","2,159.20","2,171.76","-","-","-","5,500","5,392","-"
"2017/06/20","2,168.0","2,185.0","2,168.0","2,177.0","+14.0","20,300","44,088","0","19,500","0.00","-","2.50","2,162.40","2,171.68","-","-","-","8,840","6,072","-"
"2017/06/21","2,183.0","2,194.0","2,170.0","2,194.0","+17.0","7,700","16,837","0","18,600","0.00","-","2.50","2,169.60","2,172.92","-","-","-","9,720","6,080","-"
"2017/06/22","2,198.0","2,200.0","2,192.0","2,193.0","-1.0","7,300","16,037","0","18,600","0.00","-","2.60","2,176.20","2,173.92","-","-","-","9,760","6,148","-"
"2017/06/23","2,193.0","2,205.0","2,193.0","2,205.0","+12.0","6,700","14,745","0","18,600","0.00","-","2.60","2,186.40","2,175.36","-","-","-","9,660","6,360","-"
"2017/06/26","2,211.0","2,214.0","2,205.0","2,208.0","+3.0","8,000","17,681","0","17,800","0.00","-","2.50","2,195.40","2,176.68","-","-","-","10,000","6,624","-"
"2017/06/27","2,211.0","2,229.0","2,211.0","2,225.0","+17.0","12,900","28,646","0","16,500","0.00","-","2.60","2,205.00","2,179.08","-","-","-","8,520","7,024","-"
"2017/06/28","2,209.0","2,213.0","2,170.0","2,170.0","-55.0","42,100","92,813","0","18,400","0.00","-","2.60","2,200.20","2,179.56","-","-","-","15,400","8,596","-"
"2017/06/29","2,171.0","2,183.0","2,170.0","2,180.0","+10.0","2,700","5,868","0","18,400","0.00","-","2.50","2,197.60","2,179.68","-","-","-","14,480","8,528","-"
"2017/06/30","2,165.0","2,180.0","2,130.0","2,180.0","0.0","6,000","12,939","0","18,400","0.00","-","2.50","2,192.60","2,179.72","-","-","-","14,340","8,492","-"
"2017/07/03","2,180.0","2,180.0","2,165.0","2,175.0","-5.0","7,500","16,334","0","18,800","0.00","-","2.50","2,186.00","2,179.60","-","-","-","14,240","8,736","-"
"2017/07/04","2,166.0","2,175.0","2,160.0","2,160.0","-15.0","5,400","11,707","0","18,800","0.00","-","2.50","2,173.00","2,178.80","-","-","-","12,740","8,852","-"
"2017/07/05","2,171.0","2,171.0","2,150.0","2,160.0","0.0","8,900","19,198","0","18,800","0.00","-","2.50","2,171.00","2,178.24","-","-","-","6,100","9,132","-"
"2017/07/06","2,160.0","2,170.0","2,145.0","2,161.0","+1.0","5,200","11,222","0","18,900","0.00","-","2.50","2,167.20","2,177.80","2,135.11","-","-","6,600","9,124","7,632"
"2017/07/07","2,150.0","2,173.0","2,150.0","2,173.0","+12.0","4,900","10,592","0","18,800","0.00","-","2.50","2,165.80","2,177.92","2,164.09","-","-","6,380","9,168","7,697"
"2017/07/10","2,180.0","2,185.0","2,175.0","2,185.0","+12.0","10,800","23,546","0","18,800","0.00","-","2.50","2,167.80","2,176.60","2,161.89","-","-","7,040","9,408","7,470"
"2017/07/11","2,170.0","2,191.0","2,168.0","2,191.0","+6.0","10,900","23,771","0","18,800","0.00","-","2.60","2,174.00","2,175.80","2,160.44","-","-","8,140","9,660","7,434"
"2017/07/12","2,191.0","2,210.0","2,190.0","2,210.0","+19.0","18,000","39,597","0","18,800","0.00","-","2.60","2,184.00","2,176.40","2,159.24","-","-","9,960","10,048","7,558"
"2017/07/13","2,204.0","2,204.0","2,185.0","2,190.0","-20.0","30,100","66,257","0","18,800","0.00","-","2.60","2,189.80","2,178.00","2,158.49","-","-","14,940","10,360","7,900"
"2017/07/14","2,207.0","2,219.0","2,180.0","2,183.0","-7.0","26,900","59,135","0","18,800","0.00","-","2.60","2,191.80","2,178.72","2,158.09","-","-","19,340","11,088","8,154"
"2017/07/18","2,210.0","2,210.0","2,190.0","2,190.0","+7.0","7,500","16,529","0","18,800","0.00","-","2.60","2,192.80","2,180.24","2,157.71","-","-","18,680","11,092","8,206"
"2017/07/19","2,191.0","2,210.0","2,184.0","2,184.0","-6.0","5,100","11,196","0","19,000","0.00","-","2.60","2,191.40","2,181.16","2,157.41","-","-","17,520","11,152","8,237"
"2017/07/20","2,156.0","2,176.0","2,156.0","2,175.0","-9.0","18,400","39,784","0","19,100","0.00","-","2.60","2,184.40","2,181.84","2,157.49","-","-","17,600","11,756","8,352"
"2017/07/21","2,176.0","2,194.0","2,163.0","2,190.0","+15.0","3,400","7,417","0","19,000","0.00","-","2.60","2,184.40","2,183.04","2,158.68","-","-","12,260","11,608","8,229"
"2017/07/24","2,198.0","2,205.0","2,180.0","2,190.0","0.0","8,100","17,790","0","18,900","0.00","-","2.50","2,185.80","2,184.48","2,160.57","-","-","8,500","11,644","8,096"
"2017/07/25","2,190.0","2,200.0","2,180.0","2,180.0","-10.0","5,000","10,943","0","18,900","0.00","-","2.50","2,183.80","2,185.16","2,162.77","-","-","8,000","11,592","7,970"
"2017/07/26","2,180.0","2,180.0","2,160.0","2,160.0","-20.0","14,100","30,535","0","19,000","0.00","-","2.50","2,179.00","2,184.48","2,165.31","-","-","9,800","11,344","7,956"
"2017/07/27","2,168.0","2,179.0","2,163.0","2,170.0","+10.0","9,000","19,553","0","19,000","0.00","-","2.50","2,178.00","2,183.52","2,167.51","-","-","7,920","11,396","7,942"
"2017/07/28","2,174.0","2,181.0","2,170.0","2,181.0","+11.0","8,800","19,144","0","31,000","0.00","-","2.50","2,176.20","2,183.04","2,169.31","-","-","9,000","11,456","8,010"
"2017/07/31","2,179.0","2,183.0","2,167.0","2,181.0","0.0","9,000","19,597","0","31,200","0.00","-","2.50","2,174.40","2,182.08","2,170.81","-","-","9,180","11,548","8,081"
"2017/08/01","2,198.0","2,198.0","2,173.0","2,174.0","-7.0","6,000","13,156","0","31,200","0.00","-","2.50","2,173.20","2,180.72","2,172.52","-","-","9,380","11,468","8,030"
"2017/08/02","2,190.0","2,190.0","2,174.0","2,188.0","+14.0","39,600","86,613","0","45,900","0.00","-","2.50","2,178.80","2,179.24","2,174.85","-","-","14,480","12,536","8,486"
"2017/08/03","2,176.0","2,189.0","2,174.0","2,182.0","-6.0","5,100","11,128","0","46,500","0.00","-","2.50","2,181.20","2,179.72","2,176.88","-","-","13,700","11,056","8,512"
"2017/08/04","2,180.0","2,188.0","2,178.0","2,180.0","-2.0","6,800","14,833","0","51,500","0.00","-","2.50","2,181.00","2,179.72","2,178.15","-","-","13,300","11,220","8,449"
"2017/08/07","2,186.0","2,195.0","2,180.0","2,194.0","+14.0","10,500","22,961","0","51,400","0.00","-","2.50","2,183.60","2,180.28","2,178.93","-","-","13,600","11,400","8,512"
"2017/08/08","2,200.0","2,218.0","2,169.0","2,172.0","-22.0","34,500","75,379","0","51,300","0.00","-","2.50","2,183.20","2,180.16","2,179.11","-","-","19,300","12,480","8,933"
"2017/08/09","2,171.0","2,178.0","2,163.0","2,178.0","+6.0","5,500","11,926","0","51,300","0.00","-","2.50","2,181.20","2,180.88","2,179.32","-","-","12,480","12,484","8,953"
"2017/08/10","2,178.0","2,178.0","2,160.0","2,160.0","-18.0","4,900","10,618","0","51,300","0.00","-","2.50","2,176.80","2,180.88","2,178.88","-","-","12,440","12,324","8,909"
"2017/08/14","2,151.0","2,151.0","2,121.0","2,149.0","-11.0","10,300","22,033","0","51,300","0.00","-","2.50","2,170.60","2,180.40","2,178.65","2,146.43","-","13,140","12,528","8,992"
"2017/08/15","2,160.0","2,188.0","2,150.0","2,151.0","+2.0","16,600","35,784","0","51,300","0.00","-","2.50","2,162.00","2,179.52","2,178.35","2,167.95","-","14,360","12,996","9,169"
"2017/08/16","2,184.0","2,184.0","2,160.0","2,177.0","+26.0","5,400","11,735","0","36,300","0.00","-","2.50","2,163.00","2,179.20","2,178.33","2,166.22","-","8,540","12,780","9,157"
"2017/08/17","2,176.0","2,176.0","2,160.0","2,165.0","-12.0","4,400","9,533","0","26,600","0.00","-","2.60","2,160.40","2,178.16","2,178.20","2,164.87","-","8,320","12,520","9,190"
"2017/08/18","2,172.0","2,174.0","2,160.0","2,162.0","-3.0","3,500","7,576","0","26,600","0.00","-","2.50","2,160.80","2,176.24","2,178.23","2,163.49","-","8,040","11,940","9,209"
"2017/08/21","2,155.0","2,162.0","2,152.0","2,159.0","-3.0","11,900","25,620","0","26,600","0.00","-","2.50","2,162.80","2,175.00","2,178.07","2,162.62","-","8,360","11,212","9,262"
"2017/08/22","2,152.0","2,161.0","2,108.0","2,141.0","-18.0","20,800","44,782","0","26,800","0.00","-","2.50","2,160.80","2,173.32","2,177.67","2,161.90","-","9,200","10,968","9,450"
"2017/08/23","2,143.0","2,178.0","2,143.0","2,178.0","+37.0","16,900","36,329","0","26,800","0.00","-","2.50","2,161.00","2,172.84","2,177.65","2,161.49","-","11,500","11,344","9,530"
"2017/08/24","2,175.0","2,175.0","2,132.0","2,159.0","-19.0","18,400","39,757","0","26,800","0.00","-","2.50","2,159.80","2,171.84","2,177.35","2,161.02","-","14,300","11,876","9,706"
"2017/08/25","2,148.0","2,168.0","2,148.0","2,157.0","-2.0","3,800","8,209","0","26,800","0.00","-","2.50","2,158.80","2,171.12","2,176.53","2,160.90","-","14,360","11,292","9,366"
"2017/08/28","2,162.0","2,162.0","2,095.0","2,095.0","-62.0","58,700","124,462","0","26,600","0.00","-","2.50","2,146.00","2,167.32","2,174.80","2,160.84","-","23,720","13,504","10,100"
"2017/08/29","2,095.0","2,100.0","2,083.0","2,092.0","-3.0","8,600","17,982","0","26,800","0.00","-","2.50","2,136.20","2,163.40","2,173.48","2,161.28","-","21,280","13,524","10,138"
"2017/08/30","2,102.0","2,130.0","2,102.0","2,125.0","+33.0","6,700","14,161","0","26,800","0.00","-","2.50","2,125.60","2,161.20","2,172.71","2,162.38","-","19,240","13,592","10,192"
"2017/08/31","2,126.0","2,146.0","2,121.0","2,135.0","+10.0","8,400","17,924","0","26,900","0.00","-","2.40","2,120.80","2,160.20","2,172.12","2,164.03","-","17,240","13,364","10,260"
"2017/09/01","2,185.0","2,185.0","2,146.0","2,173.0","+38.0","42,800","93,450","0","29,000","0.00","-","2.30","2,124.00","2,160.32","2,172.25","2,165.71","-","25,040","14,716","10,730"
"2017/09/04","2,142.0","2,173.0","2,129.0","2,140.0","-33.0","21,400","45,873","0","29,200","0.00","-","5.00","2,133.00","2,158.68","2,171.88","2,166.65","-","17,580","15,220","10,941"
"2017/09/05","2,149.0","2,170.0","2,035.0","2,076.0","-64.0","27,400","57,223","0","29,300","0.00","-","2.50","2,129.80","2,154.48","2,170.64","2,166.73","-","21,340","15,956","11,288"
"2017/09/06","2,052.0","2,081.0","2,045.0","2,080.0","+4.0","21,600","44,468","0","28,800","0.00","-","2.40","2,120.80","2,150.72","2,169.37","2,167.07","-","24,320","16,580","11,557"
"2017/09/07","2,090.0","2,130.0","2,085.0","2,102.0","+22.0","23,500","49,954","0","28,800","0.00","-","4.90","2,114.20","2,147.28","2,168.53","2,167.96","-","27,340","15,936","11,832"
"2017/09/08","2,141.0","2,141.0","2,120.0","2,134.0","+32.0","40,900","87,545","0","24,800","0.00","-","4.90","2,106.40","2,145.36","2,168.21","2,169.00","-","26,960","17,368","12,340"
"2017/09/11","2,149.0","2,149.0","2,118.0","2,121.0","-13.0","46,500","99,784","0","24,700","0.00","-","4.90","2,102.60","2,143.00","2,167.47","2,169.36","-","31,980","18,956","12,901"
"2017/09/12","2,130.0","2,141.0","2,102.0","2,140.0","+19.0","6,900","14,690","0","24,700","0.00","-","2.00","2,115.40","2,140.84","2,166.95","2,169.41","-","27,880","18,812","12,901"
"2017/09/13","2,140.0","2,154.0","2,100.0","2,134.0","-6.0","23,500","50,464","0","24,300","0.00","-","2.10","2,126.20","2,139.32","2,166.36","2,169.16","-","28,260","18,372","13,196"
"2017/09/14","2,117.0","2,144.0","2,117.0","2,123.0","-11.0","9,500","20,238","0","24,300","0.00","-","4.90","2,130.40","2,137.12","2,165.60","2,168.77","-","25,460","18,532","13,289"
"2017/09/15","2,112.0","2,153.0","2,109.0","2,109.0","-14.0","40,700","86,090","0","24,700","0.00","-","4.90","2,125.40","2,135.08","2,164.73","2,167.93","-","25,420","19,964","13,806"
"2017/09/19","2,133.0","2,170.0","2,125.0","2,160.0","+51.0","22,200","47,499","0","24,600","0.00","-","4.90","2,133.20","2,135.52","2,164.57","2,167.87","-","20,560","20,440","14,030"
"2017/09/20","2,160.0","2,171.0","2,150.0","2,166.0","+6.0","24,600","53,202","0","24,600","0.00","-","5.00","2,138.40","2,136.12","2,164.52","2,167.79","-","24,100","20,760","14,308"
"2017/09/21","2,165.0","2,176.0","2,165.0","2,167.0","+1.0","7,500","16,271","0","24,200","0.00","-","5.00","2,145.00","2,135.72","2,163.84","2,167.68","-","20,900","20,844","14,344"
"2017/09/22","2,167.0","2,181.0","2,149.0","2,149.0","-18.0","10,800","23,432","0","24,200","0.00","-","5.00","2,150.20","2,135.08","2,163.01","2,167.42","-","21,160","21,100","14,426"
"2017/09/25","2,150.0","2,180.0","2,150.0","2,179.0","+30.0","22,900","49,672","0","24,200","0.00","-","5.00","2,164.20","2,135.76","2,162.80","2,167.61","-","17,600","21,876","14,621"
"2017/09/26","2,179.0","2,180.0","2,166.0","2,180.0","+1.0","4,800","10,450","0","24,300","0.00","-","5.00","2,168.20","2,136.60","2,163.20","2,167.70","-","14,120","21,592","14,388"
"2017/09/27","2,180.0","2,200.0","2,180.0","2,199.0","+19.0","15,100","33,090","0","24,300","0.00","-","5.00","2,174.80","2,138.92","2,163.65","2,167.98","-","12,220","21,364","14,473"
"2017/09/28","2,203.0","2,285.0","2,203.0","2,285.0","+86.0","27,200","61,136","0","24,400","0.00","-","5.00","2,198.40","2,143.20","2,165.43","2,169.04","-","16,160","21,776","14,737"
"2017/09/29","2,285.0","2,367.0","2,260.0","2,276.0","-9.0","34,800","80,505","0","24,700","0.00","-","5.20","2,223.80","2,147.88","2,166.96","2,169.98","-","20,960","22,432","15,153"
"2017/10/02","2,320.0","2,360.0","2,320.0","2,330.0","+54.0","33,000","77,113","0","25,100","0.00","-","5.20","2,254.00","2,154.80","2,169.25","2,171.10","-","22,980","23,600","15,549"
"2017/10/03","2,335.0","2,365.0","2,335.0","2,347.0","+17.0","27,400","64,499","0","25,200","0.00","-","5.20","2,287.40","2,164.88","2,171.75","2,172.32","-","27,500","22,348","15,820"
"2017/10/04","2,347.0","2,365.0","2,326.0","2,348.0","+1.0","13,700","32,165","0","24,600","0.00","-","5.30","2,317.20","2,175.12","2,174.33","2,173.89","-","27,220","22,552","15,906"
"2017/10/05","2,356.0","2,398.0","2,355.0","2,380.0","+32.0","58,100","138,041","0","25,200","0.00","-","5.30","2,336.20","2,185.32","2,177.23","2,175.86","-","33,400","24,608","16,597"
"2017/10/06","2,381.0","2,480.0","2,381.0","2,474.0","+94.0","39,900","96,709","0","25,000","0.00","-","5.30","2,375.80","2,198.88","2,181.19","2,178.81","-","34,420","25,868","16,858"
"2017/10/10","2,495.0","2,565.0","2,480.0","2,550.0","+76.0","49,100","123,023","0","36,000","0.00","-","5.50","2,419.80","2,213.96","2,185.93","2,182.68","-","37,640","26,120","17,410"
"2017/10/11","2,568.0","2,616.0","2,550.0","2,600.0","+50.0","45,300","117,202","0","37,700","0.00","-","5.60","2,470.40","2,232.36","2,191.36","2,187.00","-","41,220","27,076","17,917"
"2017/10/12","2,611.0","2,620.0","2,476.0","2,490.0","-110.0","61,300","157,245","0","29,600","0.00","-","5.70","2,498.80","2,248.92","2,195.16","2,190.21","-","50,740","28,432","18,645"
"2017/10/13","2,540.0","2,540.0","2,490.0","2,512.0","+22.0","13,100","32,838","0","28,900","0.00","-","5.50","2,525.20","2,266.20","2,199.21","2,193.58","-","41,740","28,092","18,713"
"2017/10/16","2,492.0","2,548.0","2,472.0","2,526.0","+14.0","11,000","27,644","0","29,000","0.00","-","0.20","2,535.60","2,283.16","2,203.23","2,197.19","-","35,960","27,592","18,688"
"2017/10/17","2,522.0","2,548.0","2,501.0","2,525.0","-1.0","6,700","16,953","0","24,800","0.00","-","5.50","2,530.60","2,298.80","2,207.96","2,200.86","-","27,480","26,224","18,216"
"2017/10/18","2,501.0","2,544.0","2,470.0","2,470.0","-55.0","17,200","42,850","0","25,900","0.00","-","5.50","2,504.60","2,312.76","2,211.83","2,203.79","-","21,860","25,052","18,409"
"2017/10/19","2,470.0","2,520.0","2,467.0","2,510.0","+40.0","15,100","37,721","0","25,500","0.00","-","5.50","2,508.60","2,327.56","2,216.23","2,207.10","-","12,620","25,380","18,530"
"2017/10/20","2,507.0","2,540.0","2,502.0","2,502.0","-8.0","6,400","16,125","0","25,200","0.00","-","5.50","2,506.60","2,342.28","2,220.59","2,210.34","-","11,280","24,696","18,516"
"2017/10/23","2,518.0","2,580.0","2,498.0","2,570.0","+68.0","17,000","43,341","0","24,900","0.00","-","5.50","2,515.40","2,360.16","2,226.05","2,214.24","-","12,480","24,996","18,670"
"2017/10/24","2,550.0","2,594.0","2,542.0","2,577.0","+7.0","18,800","48,264","0","24,800","0.00","-","5.60","2,525.80","2,378.88","2,231.61","2,218.27","-","14,900","24,120","18,802"
"2017/10/25","2,589.0","2,590.0","2,550.0","2,570.0","-7.0","12,100","31,153","0","24,900","0.00","-","5.60","2,545.80","2,395.28","2,237.07","2,222.25","-","13,880","23,716","18,894"
"2017/10/26","2,567.0","2,567.0","2,530.0","2,542.0","-28.0","7,800","19,864","0","24,600","0.00","-","5.60","2,552.20","2,410.32","2,241.99","2,225.97","-","12,420","23,044","18,933"
"2017/10/27","2,543.0","2,579.0","2,521.0","2,562.0","+20.0","8,900","22,748","0","24,600","0.00","-","5.60","2,564.20","2,426.12","2,247.01","2,229.41","-","12,920","23,100","18,908"
"2017/10/30","2,580.0","2,600.0","2,563.0","2,600.0","+38.0","21,500","55,619","0","24,300","0.00","-","5.60","2,570.20","2,444.16","2,252.47","2,233.30","-","13,820","23,528","19,049"
"2017/10/31","2,600.0","2,600.0","2,565.0","2,578.0","-22.0","19,500","50,381","0","24,800","0.00","-","5.70","2,570.40","2,460.12","2,257.37","2,237.13","-","13,960","23,392","19,069"
"2017/11/01","2,585.0","2,585.0","2,570.0","2,570.0","-8.0","12,000","30,948","0","24,300","0.00","-","5.60","2,570.40","2,475.72","2,262.44","2,241.33","-","13,940","23,680","18,828"
"2017/11/02","2,568.0","2,568.0","2,497.0","2,497.0","-73.0","24,100","60,859","0","24,400","0.00","-","5.60","2,561.40","2,487.64","2,266.63","2,244.65","-","17,200","24,040","18,790"
"2017/11/06","2,490.0","2,490.0","2,381.0","2,381.0","-116.0","36,300","88,074","0","27,200","0.00","-","5.50","2,525.20","2,491.48","2,269.17","2,246.94","-","22,680","24,404","19,174"
"2017/11/07","2,385.0","2,442.0","2,380.0","2,395.0","+14.0","34,100","81,785","0","26,400","0.00","-","5.30","2,484.20","2,496.24","2,271.99","2,249.28","-","25,200","24,376","19,561"
"2017/11/08","2,400.0","2,413.0","2,393.0","2,400.0","+5.0","27,100","65,056","0","27,000","0.00","-","5.30","2,448.60","2,499.04","2,274.99","2,251.70","-","26,720","24,140","19,677"
"2017/11/09","2,358.0","2,370.0","2,205.0","2,263.0","-137.0","97,400","223,084","0","27,400","0.00","-","5.40","2,387.20","2,495.68","2,275.96","2,252.73","-","43,800","26,940","20,930"
"2017/11/10","2,229.0","2,251.0","2,169.0","2,230.0","-33.0","111,000","243,961","0","27,600","0.00","-","5.10","2,333.80","2,490.96","2,276.49","2,253.49","-","61,180","30,832","22,302"
"2017/11/13","2,239.0","2,244.0","2,198.0","2,234.0","+4.0","27,000","60,060","0","16,800","0.00","-","5.10","2,304.40","2,485.12","2,277.21","2,254.20","-","59,320","29,588","22,596"
"2017/11/14","2,220.0","2,225.0","2,200.0","2,218.0","-16.0","16,600","36,738","0","11,700","0.00","-","5.80","2,269.00","2,474.88","2,277.99","2,254.61","-","55,820","28,656","22,629"
"2017/11/15","2,217.0","2,217.0","2,155.0","2,176.0","-42.0","22,400","48,862","0","10,000","0.00","-","5.70","2,224.20","2,459.92","2,278.07","2,254.43","-","54,880","27,588","22,808"
"2017/11/16","2,226.0","2,240.0","2,190.0","2,230.0","+54.0","16,000","35,567","0","9,700","0.00","-","5.50","2,217.60","2,445.12","2,278.72","2,254.80","-","38,600","26,416","22,904"
"2017/11/17","2,240.0","2,264.0","2,240.0","2,264.0","+34.0","6,700","15,078","0","9,500","0.00","-","5.60","2,224.40","2,436.08","2,279.83","2,255.39","-","17,740","24,232","22,873"
"2017/11/20","2,269.0","2,290.0","2,267.0","2,290.0","+26.0","8,300","18,893","0","9,800","0.00","-","5.60","2,235.60","2,427.20","2,281.37","2,256.21","-","14,000","24,040","22,904"
"2017/11/21","2,290.0","2,296.0","2,240.0","2,271.0","-19.0","14,200","32,223","0","9,800","0.00","-","5.20","2,246.20","2,417.00","2,282.48","2,256.67","-","13,520","24,168","22,565"
"2017/11/22","2,271.0","2,271.0","2,257.0","2,262.0","-9.0","8,900","20,150","0","9,500","0.00","-","5.70","2,263.40","2,406.48","2,283.55","2,257.59","-","10,820","24,256","22,616"
"2017/11/24","2,262.0","2,273.0","2,255.0","2,270.0","+8.0","11,300","25,551","0","9,600","0.00","-","5.10","2,271.40","2,398.48","2,284.75","2,258.49","-","9,880","24,020","22,676"
"2017/11/27","2,275.0","2,289.0","2,265.0","2,272.0","+2.0","18,300","41,629","0","10,800","0.00","-","5.50","2,273.00","2,388.96","2,285.79","2,259.41","-","12,200","24,148","22,780"
"2017/11/28","2,275.0","2,286.0","2,260.0","2,270.0","-2.0","8,400","19,062","0","10,200","0.00","-","5.50","2,269.00","2,379.68","2,287.09","2,260.36","-","12,220","24,228","22,432"
"2017/11/29","2,278.0","2,317.0","2,270.0","2,304.0","+34.0","16,000","36,619","0","9,900","0.00","-","5.20","2,275.60","2,369.04","2,288.77","2,261.80","-","12,580","24,188","22,572"
"2017/11/30","2,320.0","2,330.0","2,304.0","2,330.0","+26.0","14,200","32,887","0","10,700","0.00","-","5.20","2,289.20","2,359.16","2,291.04","2,263.50","-","13,640","24,004","22,696"
"2017/12/01","2,345.0","2,360.0","2,338.0","2,341.0","+11.0","12,300","28,869","0","11,400","0.00","-","5.60","2,303.40","2,350.00","2,293.60","2,265.30","-","13,840","24,012","22,722"
"2017/12/04","2,358.0","2,400.0","2,356.0","2,381.0","+40.0","18,500","43,957","0","10,700","0.00","-","5.80","2,325.20","2,343.56","2,296.67","2,267.38","-","13,880","24,440","22,748"
"2017/12/05","2,381.0","2,390.0","2,359.0","2,380.0","-1.0","15,000","35,656","0","9,700","0.00","-","5.80","2,347.20","2,336.28","2,299.37","2,269.33","-","15,200","24,684","22,876"
"2017/12/06","2,379.0","2,390.0","2,360.0","2,376.0","-4.0","10,100","23,949","0","9,900","0.00","-","5.80","2,361.60","2,327.32","2,302.19","2,271.18","-","14,020","24,228","22,952"
"2017/12/07","2,376.0","2,386.0","2,371.0","2,384.0","+8.0","10,200","24,267","0","10,400","0.00","-","5.80","2,372.40","2,319.56","2,305.15","2,272.92","-","13,220","23,856","23,041"
"2017/12/08","2,365.0","2,387.0","2,365.0","2,366.0","-18.0","26,000","61,598","0","24,200","0.00","-","5.80","2,377.40","2,311.40","2,307.91","2,274.68","-","15,960","24,416","23,229"
"2017/12/11","2,412.0","2,447.0","2,398.0","2,438.0","+72.0","21,700","52,502","0","23,900","0.00","-","5.80","2,388.80","2,309.04","2,311.87","2,277.23","-","16,600","24,320","23,241"
"2017/12/12","2,440.0","2,477.0","2,440.0","2,467.0","+29.0","20,000","49,130","0","24,200","0.00","-","5.90","2,406.20","2,312.48","2,315.72","2,280.00","-","17,600","23,668","23,282"
"2017/12/13","2,475.0","2,504.0","2,473.0","2,488.0","+21.0","31,100","77,300","0","24,000","0.00","-","6.00","2,428.60","2,316.20","2,320.11","2,283.04","-","21,800","23,548","23,452"
"2017/12/14","2,500.0","2,500.0","2,473.0","2,489.0","+1.0","15,900","39,619","0","24,000","0.00","-","5.70","2,449.60","2,319.76","2,324.53","2,286.18","-","22,940","23,100","23,613"
"2017/12/15","2,477.0","2,496.0","2,448.0","2,471.0","-18.0","17,600","43,502","0","23,600","0.00","-","5.50","2,470.60","2,328.08","2,329.55","2,288.99","-","21,260","19,908","23,065"
"2017/12/18","2,512.0","2,512.0","2,478.0","2,491.0","+20.0","11,500","28,763","0","24,300","0.00","-","5.50","2,481.20","2,338.52","2,334.87","2,292.00","-","19,220","15,928","23,104"
"2017/12/19","2,490.0","2,510.0","2,490.0","2,504.0","+13.0","35,700","89,085","0","11,600","0.00","-","5.60","2,488.60","2,349.32","2,339.92","2,295.24","-","22,360","16,276","23,490"
"2017/12/20","2,505.0","2,510.0","2,488.0","2,501.0","-3.0","11,000","27,475","0","11,500","0.00","-","5.60","2,491.20","2,360.64","2,344.80","2,298.65","-","18,340","16,052","23,525"
"2017/12/21","2,499.0","2,509.0","2,491.0","2,501.0","0.0","8,600","21,486","0","11,700","0.00","-","5.60","2,493.60","2,373.64","2,349.17","2,301.96","-","16,880","15,500","23,069"
"2017/12/22","2,510.0","2,540.0","2,503.0","2,522.0","+21.0","17,700","44,656","0","11,900","0.00","-","5.60","2,503.80","2,385.32","2,354.27","2,305.37","-","16,900","15,568","23,020"
"2017/12/25","2,528.0","2,545.0","2,518.0","2,527.0","+5.0","9,500","24,044","0","11,900","0.00","-","5.60","2,511.00","2,395.84","2,360.28","2,308.83","-","16,500","15,680","22,781"
"2017/12/26","2,528.0","2,540.0","2,520.0","2,526.0","-1.0","16,700","42,265","0","12,000","0.00","-","5.70","2,515.40","2,405.28","2,366.23","2,312.35","-","12,700","16,016","22,716"
"2017/12/27","2,526.0","2,526.0","2,498.0","2,510.0","-16.0","25,200","63,506","0","12,600","0.00","-","5.70","2,517.20","2,414.84","2,371.67","2,315.57","-","15,540","16,456","22,738"
"2017/12/28","2,510.0","2,510.0","2,441.0","2,447.0","-63.0","19,500","48,091","0","12,400","0.00","-","5.60","2,506.40","2,422.24","2,375.84","2,318.22","-","17,720","16,880","22,453"
"2017/12/29","2,433.0","2,475.0","2,425.0","2,468.0","+21.0","17,900","43,718","0","12,600","0.00","-","5.60","2,495.60","2,430.16","2,380.47","2,321.10","-","17,760","17,144","22,072"
"2018/01/04","2,469.0","2,475.0","2,426.0","2,451.0","-17.0","25,600","62,744","0","12,100","0.00","-","5.40","2,480.40","2,437.32","2,384.61","2,323.67","-","20,980","17,436","22,321"
"2018/01/05","2,471.0","2,494.0","2,460.0","2,494.0","+43.0","29,500","72,997","0","11,400","0.00","-","5.50","2,474.00","2,446.28","2,389.41","2,326.89","-","23,540","18,280","22,401"
"2018/01/09","2,493.0","2,550.0","2,493.0","2,538.0","+44.0","28,100","70,933","0","8,800","0.00","-","5.60","2,479.60","2,455.64","2,394.95","2,330.49","-","24,120","18,764","22,649"
"2018/01/10","2,590.0","2,590.0","2,557.0","2,578.0","+40.0","33,700","86,862","0","8,600","0.00","-","5.70","2,505.80","2,465.56","2,401.20","2,334.67","-","26,960","19,544","22,556"
"2018/01/11","2,561.0","2,597.0","2,561.0","2,573.0","-5.0","21,900","56,479","0","7,500","0.00","-","5.80","2,526.80","2,474.84","2,406.71","2,338.91","2,242.67","27,760","19,928","22,552"
"2018/01/12","2,580.0","2,590.0","2,568.0","2,585.0","+12.0","23,100","59,523","0","9,100","0.00","-","5.70","2,553.60","2,483.00","2,412.29","2,343.25","2,255.60","27,260","20,112","22,532"
"2018/01/15","2,600.0","2,639.0","2,587.0","2,633.0","+48.0","51,300","134,073","0","8,900","0.00","-","5.80","2,581.40","2,493.12","2,418.51","2,347.81","2,257.02","31,620","21,564","23,116"
"2018/01/16","2,650.0","2,775.0","2,650.0","2,730.0","+97.0","57,000","154,184","0","10,400","0.00","-","5.80","2,619.80","2,507.28","2,426.25","2,353.46","2,259.17","37,400","23,440","23,732"
"2018/01/17","2,720.0","2,729.0","2,681.0","2,729.0","-1.0","21,300","57,706","0","10,700","0.00","-","6.00","2,650.00","2,521.08","2,433.59","2,359.13","2,261.31","34,920","23,884","23,710"
"2018/01/18","2,729.0","2,765.0","2,723.0","2,735.0","+6.0","18,500","50,784","0","10,600","0.00","-","6.20","2,682.40","2,535.84","2,440.99","2,364.89","2,263.76","34,240","23,584","23,893"
"2018/01/19","2,727.0","2,744.0","2,702.0","2,731.0","-4.0","19,000","51,831","0","8,000","0.00","-","5.50","2,711.60","2,547.56","2,448.08","2,370.79","2,266.35","33,420","23,476","23,945"
"2018/01/22","2,750.0","2,768.0","2,728.0","2,747.0","+16.0","25,600","70,302","0","7,900","0.00","-","5.50","2,734.40","2,558.76","2,454.24","2,376.48","2,268.99","28,280","23,700","23,924"
"2018/01/23","2,755.0","2,755.0","2,730.0","2,743.0","-4.0","10,800","29,625","0","8,100","0.00","-","5.50","2,737.00","2,568.96","2,460.47","2,382.32","2,271.67","19,040","22,888","23,604"
"2018/01/24","2,764.0","2,828.0","2,747.0","2,820.0","+77.0","29,900","83,556","0","8,200","0.00","-","5.50","2,755.20","2,582.20","2,467.00","2,388.95","2,274.93","20,760","23,448","23,562"
"2018/01/25","2,800.0","2,815.0","2,780.0","2,783.0","-37.0","25,800","72,181","0","8,000","0.00","-","6.00","2,764.80","2,594.68","2,472.81","2,395.83","2,278.34","22,220","23,776","23,541"
"2018/01/26","2,773.0","2,798.0","2,769.0","2,769.0","-14.0","9,100","25,252","0","7,900","0.00","-","5.90","2,772.40","2,605.80","2,478.43","2,402.60","2,281.94","20,240","23,680","23,480"
"2018/01/29","2,750.0","2,750.0","2,701.0","2,706.0","-63.0","21,300","58,001","0","7,500","0.00","-","5.90","2,764.20","2,613.88","2,482.77","2,408.41","2,285.40","19,380","23,104","22,989"
"2018/01/30","2,706.0","2,706.0","2,636.0","2,649.0","-57.0","25,900","69,256","0","5,500","0.00","-","5.80","2,745.40","2,619.80","2,485.11","2,413.55","2,288.79","22,400","23,700","22,802"
"2018/01/31","2,636.0","2,696.0","2,635.0","2,672.0","+23.0","20,000","53,288","0","6,400","0.00","-","5.70","2,715.80","2,626.64","2,486.73","2,418.54","2,292.13","20,420","24,156","22,414"
"2018/02/01","2,673.0","2,700.0","2,672.0","2,695.0","+23.0","19,300","51,844","0","7,600","0.00","-","5.80","2,698.20","2,633.56","2,488.00","2,424.09","2,295.37","19,120","24,220","22,068"
"2018/02/02","2,684.0","2,704.0","2,678.0","2,678.0","-17.0","15,900","42,732","0","7,200","0.00","-","5.80","2,680.00","2,639.60","2,490.51","2,430.11","2,298.42","20,480","24,476","21,462"
"2018/02/05","2,611.0","2,611.0","2,550.0","2,577.0","-101.0","56,400","145,705","0","8,700","0.00","-","5.80","2,654.20","2,641.64","2,491.37","2,435.08","2,301.08","27,500","26,064","22,040"
"2018/02/06","2,400.0","2,448.0","2,307.0","2,370.0","-207.0","75,300","178,032","0","9,600","0.00","-","5.60","2,598.40","2,636.04","2,489.29","2,437.76","2,302.86","37,380","28,068","22,897"
"2018/02/07","2,488.0","2,488.0","2,400.0","2,400.0","+30.0","24,200","59,427","0","7,000","0.00","-","5.30","2,544.00","2,634.16","2,487.63","2,440.42","2,304.71","38,220","28,256","23,130"
"2018/02/08","2,450.0","2,451.0","2,415.0","2,436.0","+36.0","11,300","27,528","0","6,000","0.00","-","5.40","2,492.20","2,632.88","2,487.17","2,443.57","2,306.47","36,620","27,992","23,052"
"2018/02/09","2,356.0","2,449.0","2,340.0","2,447.0","+11.0","27,900","66,888","0","5,600","0.00","-","5.40","2,446.00","2,632.72","2,486.33","2,446.64","2,308.03","39,020","28,084","23,222"
"2018/02/13","2,600.0","2,602.0","2,501.0","2,550.0","+103.0","31,500","80,673","0","5,200","0.00","-","5.40","2,440.60","2,634.96","2,486.97","2,450.80","2,309.98","34,040","28,164","23,557"
"2018/02/14","2,550.0","2,555.0","2,457.0","2,546.0","-4.0","20,300","51,013","0","4,700","0.00","-","5.60","2,475.80","2,635.28","2,486.65","2,455.03","2,311.90","23,040","27,852","23,601"
"2018/02/15","2,559.0","2,620.0","2,551.0","2,592.0","+46.0","24,700","63,944","0","4,200","0.00","-","5.60","2,514.20","2,635.84","2,486.85","2,459.86","2,313.90","23,140","27,492","23,680"
"2018/02/16","2,635.0","2,635.0","2,596.0","2,617.0","+25.0","11,400","29,779","0","4,000","0.00","-","5.70","2,550.40","2,637.60","2,487.48","2,464.43","2,316.15","23,160","27,072","23,670"
"2018/02/19","2,667.0","2,748.0","2,646.0","2,730.0","+113.0","35,200","95,241","0","3,900","0.00","-","5.70","2,607.00","2,643.40","2,489.99","2,470.07","2,318.93","24,620","27,556","24,036"
"2018/02/20","2,734.0","2,790.0","2,690.0","2,766.0","+36.0","34,800","95,587","0","4,100","0.00","-","5.90","2,650.20","2,648.72","2,492.71","2,476.06","2,321.87","25,280","26,896","24,381"
"2018/02/21","2,752.0","2,814.0","2,739.0","2,808.0","+42.0","37,600","104,635","0","4,100","0.00","-","5.90","2,702.60","2,651.84","2,495.48","2,482.65","2,325.04","28,740","26,120","24,596"
"2018/02/22","2,810.0","2,850.0","2,765.0","2,850.0","+42.0","37,600","105,819","0","4,100","0.00","-","6.00","2,754.20","2,656.68","2,499.11","2,489.36","2,328.49","31,320","26,772","24,837"
"2018/02/23","2,900.0","3,000.0","2,896.0","2,967.0","+117.0","52,800","155,527","0","3,600","0.00","-","6.00","2,824.20","2,665.96","2,504.40","2,497.23","2,332.47","39,600","28,144","25,381"
"2018/02/26","2,950.0","3,080.0","2,920.0","2,999.0","+32.0","43,400","130,139","0","4,200","0.00","-","6.20","2,878.00","2,676.68","2,511.09","2,505.23","2,336.61","41,240","29,120","25,638"
"2018/02/27","3,010.0","3,020.0","2,920.0","2,945.0","-54.0","27,900","82,625","0","4,200","0.00","-","6.20","2,913.80","2,684.60","2,518.61","2,511.83","2,340.44","39,860","29,212","25,526"
"2018/02/28","2,931.0","3,030.0","2,929.0","2,970.0","+25.0","20,700","61,657","0","5,300","0.00","-","6.20","2,946.20","2,693.68","2,526.28","2,518.77","2,344.38","36,480","29,608","25,348"
"2018/03/01","3,000.0","3,015.0","2,944.0","2,965.0","-5.0","25,700","76,780","0","7,400","0.00","-","6.20","2,969.20","2,699.48","2,533.81","2,525.12","2,348.11","34,100","29,440","25,329"
"2018/03/02","2,915.0","2,973.0","2,915.0","2,963.0","-2.0","21,000","61,838","0","8,100","0.00","-","6.20","2,968.40","2,706.68","2,543.15","2,531.28","2,351.80","27,740","29,248","24,310"
"2018/03/05","2,975.0","2,994.0","2,901.0","2,933.0","-30.0","24,800","72,936","0","7,200","0.00","-","6.20","2,955.20","2,713.24","2,552.52","2,537.13","2,355.51","24,020","29,876","23,161"
"2018/03/06","2,954.0","3,035.0","2,947.0","3,015.0","+82.0","39,600","118,842","0","9,600","0.00","-","6.10","2,969.20","2,725.60","2,562.93","2,543.48","2,359.67","26,360","30,608","23,329"
"2018/03/07","3,000.0","3,020.0","2,968.0","2,970.0","-45.0","24,300","72,910","0","10,100","0.00","-","6.30","2,969.20","2,738.44","2,572.96","2,548.44","2,363.63","27,080","30,544","23,432"
"2018/03/08","2,950.0","3,000.0","2,920.0","2,930.0","-40.0","20,900","61,608","0","10,200","0.00","-","6.20","2,962.20","2,748.76","2,583.01","2,552.24","2,367.46","26,120","30,580","23,412"
"2018/03/09","2,939.0","2,957.0","2,872.0","2,882.0","-48.0","12,400","36,202","0","10,500","0.00","-","6.10","2,946.00","2,756.24","2,591.71","2,555.06","2,371.03","24,400","30,304","23,364"
"2018/03/12","2,892.0","2,935.0","2,839.0","2,840.0","-42.0","30,500","87,776","0","11,500","0.00","-","6.10","2,927.40","2,762.72","2,599.39","2,558.56","2,374.39","25,540","30,888","23,681"
"2018/03/13","2,828.0","2,889.0","2,797.0","2,881.0","+41.0","20,900","59,185","0","12,100","0.00","-","6.00","2,900.60","2,774.88","2,607.27","2,562.25","2,377.92","21,800","29,468","23,849"
"2018/03/14","2,884.0","2,995.0","2,881.0","2,994.0","+113.0","26,400","78,219","0","11,900","0.00","-","6.10","2,905.40","2,799.84","2,616.91","2,566.93","2,382.06","22,220","27,512","24,012"
"2018/03/15","2,951.0","2,998.0","2,946.0","2,998.0","+4.0","14,200","42,208","0","12,100","0.00","-","6.20","2,919.00","2,823.76","2,626.72","2,571.66","2,386.26","20,880","27,112","24,082"
"2018/03/16","2,971.0","3,020.0","2,950.0","3,015.0","+17.0","34,800","104,112","0","14,400","0.00","-","6.20","2,945.60","2,846.92","2,636.65","2,577.11","2,390.45","25,360","28,052","24,396"
"2018/03/19","3,150.0","3,245.0","3,100.0","3,205.0","+190.0","222,400","704,639","0","5,000","0.00","-","6.20","3,018.60","2,877.24","2,649.09","2,584.06","2,395.58","63,740","35,832","27,117"
"2018/03/20","3,175.0","3,400.0","3,140.0","3,375.0","+170.0","178,100","581,439","0","7,500","0.00","-","6.60","3,117.40","2,910.24","2,663.83","2,592.79","2,401.57","95,180","41,696","29,380"
"2018/03/22","3,310.0","3,435.0","3,250.0","3,405.0","+30.0","94,900","316,638","0","9,400","0.00","-","7.00","3,199.60","2,944.60","2,678.51","2,601.14","2,407.69","108,880","44,680","30,432"
"2018/03/23","3,295.0","3,395.0","3,270.0","3,320.0","-85.0","78,400","260,921","0","9,600","0.00","-","7.00","3,264.00","2,973.72","2,691.71","2,608.57","2,413.42","121,720","46,828","31,288"
"2018/03/26","3,250.0","3,320.0","3,070.0","3,305.0","-15.0","106,600","342,167","0","17,100","0.00","-","6.90","3,322.00","3,001.24","2,704.56","2,615.92","2,419.09","136,080","50,636","32,545"
"2018/03/27","3,355.0","3,360.0","3,200.0","3,340.0","+35.0","78,800","259,797","0","17,100","0.00","-","6.80","3,349.00","3,025.64","2,717.35","2,623.90","2,424.94","107,360","52,380","33,349"
"2018/03/28","3,315.0","3,455.0","3,280.0","3,385.0","+45.0","85,700","288,367","0","15,100","0.00","-","6.90","3,351.00","3,050.40","2,730.75","2,632.13","2,430.77","88,880","54,416","34,292"
"2018/03/29","3,400.0","3,490.0","3,330.0","3,490.0","+105.0","70,400","240,878","0","6,500","0.00","-","7.00","3,368.00","3,077.68","2,745.60","2,641.03","2,437.17","83,980","55,728","35,096"
"2018/03/30","3,495.0","3,600.0","3,475.0","3,585.0","+95.0","71,000","251,401","0","6,900","0.00","-","7.20","3,421.00","3,107.08","2,761.61","2,651.10","2,444.12","82,500","57,064","35,906"
"2018/04/02","3,610.0","3,660.0","3,490.0","3,510.0","-75.0","69,300","249,020","0","9,600","0.00","-","7.40","3,462.00","3,128.80","2,776.87","2,660.50","2,450.92","75,040","57,724","36,484"
"2018/04/03","3,425.0","3,595.0","3,405.0","3,570.0","+60.0","38,100","134,354","0","8,500","0.00","-","7.20","3,508.00","3,151.64","2,791.96","2,671.23","2,457.94","66,900","57,512","36,702"
"2018/04/04","3,600.0","3,760.0","3,600.0","3,720.0","+150.0","83,700","309,785","0","7,800","0.00","-","7.40","3,575.00","3,182.64","2,808.67","2,684.62","2,465.78","66,500","59,744","37,552"
"2018/04/05","3,825.0","3,965.0","3,780.0","3,920.0","+200.0","110,400","428,396","0","11,700","0.00","-","7.70","3,661.00","3,220.64","2,827.76","2,699.87","2,474.58","74,500","63,332","38,609"
"2018/04/06","3,900.0","4,045.0","3,820.0","4,010.0","+90.0","119,300","468,922","0","14,400","0.00","-","8.10","3,746.00","3,262.44","2,848.04","2,715.97","2,483.84","84,160","67,076","39,988"
"2018/04/09","4,100.0","4,300.0","3,990.0","4,020.0","+10.0","175,300","728,111","0","11,900","0.00","-","8.30","3,848.00","3,304.72","2,868.69","2,733.54","2,493.14","105,360","73,248","42,090"
"2018/04/10","4,040.0","4,280.0","4,025.0","4,200.0","+180.0","85,300","355,936","0","12,700","0.00","-","8.30","3,974.00","3,355.40","2,891.48","2,753.24","2,503.37","114,800","75,668","43,074"
"2018/04/11","4,215.0","4,320.0","4,095.0","4,285.0","+85.0","89,700","378,401","0","11,100","0.00","-","8.70","4,087.00","3,406.20","2,915.23","2,773.75","2,513.98","116,000","77,672","43,794"
"2018/04/12","4,295.0","4,345.0","4,140.0","4,180.0","-105.0","78,700","335,037","0","10,100","0.00","-","8.90","4,139.00","3,454.60","2,937.61","2,793.37","2,523.99","109,660","79,848","44,697"
"2018/04/13","4,170.0","4,210.0","4,030.0","4,145.0","-35.0","70,600","292,436","0","7,900","0.00","-","8.70","4,166.00","3,503.20","2,959.53","2,813.06","2,533.75","99,920","81,836","45,524"
"2018/04/16","4,075.0","4,115.0","3,965.0","4,005.0","-140.0","78,300","315,360","0","7,700","0.00","-","8.60","4,163.00","3,548.12","2,979.31","2,830.81","2,542.81","80,520","84,472","46,332"
"2018/04/17","3,995.0","4,175.0","3,970.0","4,135.0","+130.0","89,400","362,187","0","5,200","0.00","-","8.30","4,150.00","3,599.92","3,000.75","2,849.52","2,552.46","81,340","86,828","47,397"
"2018/04/18","4,115.0","4,285.0","4,090.0","4,240.0","+105.0","50,600","212,932","0","5,500","0.00","-","9.40","4,141.00","3,654.28","3,023.60","2,869.02","2,562.62","73,520","88,016","47,849"
"2018/04/19","4,270.0","4,270.0","4,130.0","4,140.0","-100.0","37,200","155,417","0","5,000","0.00","-","9.60","4,133.00","3,700.12","3,045.33","2,887.71","2,572.19","65,220","88,448","48,009"
"2018/04/20","4,150.0","4,300.0","4,035.0","4,200.0","+60.0","54,700","231,499","0","5,300","0.00","-","9.40","4,144.00","3,748.20","3,068.71","2,907.09","2,582.34","62,040","90,068","48,478"
"2018/04/23","4,235.0","4,430.0","4,155.0","4,430.0","+230.0","107,900","468,291","0","6,500","0.00","-","9.50","4,229.00","3,804.80","3,094.87","2,928.69","2,593.59","67,960","92,992","49,678"
"2018/04/24","4,425.0","4,540.0","4,350.0","4,460.0","+30.0","119,700","533,072","0","6,300","0.00","-","10.10","4,294.00","3,855.00","3,121.65","2,950.57","2,604.99","74,020","88,884","50,933"
"2018/04/25","4,400.0","4,425.0","4,050.0","4,100.0","-360.0","217,500","913,317","0","6,800","0.00","-","9.90","4,266.00","3,884.00","3,143.07","2,968.87","2,614.62","107,400","90,460","53,440"
"2018/04/26","4,145.0","4,180.0","3,825.0","3,955.0","-145.0","630,200","2,496,539","0","6,900","0.00","-","9.30","4,229.00","3,906.00","3,161.96","2,985.38","2,623.59","226,000","111,872","61,468"
"2018/04/27","3,955.0","4,000.0","3,780.0","3,880.0","-75.0","132,800","511,944","0","7,100","0.00","-","9.00","4,165.00","3,928.40","3,179.32","3,000.88","2,632.19","241,620","114,048","62,789"
"2018/05/01","3,880.0","3,895.0","3,735.0","3,750.0","-130.0","68,100","259,216","0","7,000","0.00","-","8.80","4,029.00","3,946.20","3,195.01","3,014.97","2,640.14","233,660","112,508","63,405"
"2018/05/02","3,700.0","3,865.0","3,675.0","3,845.0","+95.0","55,800","211,400","0","6,900","0.00","-","8.50","3,906.00","3,966.40","3,211.81","3,029.61","2,648.50","220,880","111,588","63,841"
"2018/05/07","3,800.0","3,880.0","3,770.0","3,860.0","+15.0","27,700","106,190","0","6,400","0.00","-","8.60","3,858.00","3,985.40","3,228.17","3,044.41","2,656.87","182,920","109,268","63,526"
"2018/05/08","3,820.0","3,990.0","3,810.0","3,935.0","+75.0","72,200","283,639","0","6,400","0.00","-","8.40","3,854.00","4,003.20","3,244.24","3,060.00","2,665.59","71,320","109,340","63,729"
"2018/05/09","3,930.0","3,970.0","3,805.0","3,930.0","-5.0","55,500","215,776","0","5,300","0.00","-","8.60","3,864.00","4,017.00","3,260.25","3,075.46","2,674.19","55,860","108,720","64,185"
"2018/05/10","3,230.0","3,300.0","3,230.0","3,230.0","-700.0","107,500","347,611","0","6,000","0.00","-","8.60","3,760.00","4,005.80","3,266.85","3,084.10","2,679.39","63,740","110,248","65,372"
"2018/05/11","3,020.0","3,285.0","2,966.0","3,185.0","-45.0","234,400","722,456","0","5,700","0.00","-","7.10","3,628.00","3,990.40","3,272.91","3,091.57","2,684.40","99,460","118,100","68,244"
"2018/05/14","3,190.0","3,235.0","3,075.0","3,100.0","-85.0","63,900","200,494","0","6,600","0.00","-","7.00","3,476.00","3,965.60","3,277.61","3,097.90","2,688.95","106,700","117,308","68,754"
"2018/05/15","3,130.0","3,160.0","3,035.0","3,090.0","-10.0","54,900","170,529","0","7,300","0.00","-","7.40","3,307.00","3,932.40","3,282.24","3,103.92","2,693.48","103,240","115,088","69,342"
"2018/05/16","3,200.0","3,265.0","3,170.0","3,175.0","+85.0","72,200","232,195","0","7,700","0.00","-","7.40","3,156.00","3,899.00","3,286.97","3,110.78","2,698.48","106,580","113,204","69,906"
"2018/05/17","3,175.0","3,175.0","3,110.0","3,130.0","-45.0","29,900","93,937","0","7,500","0.00","-","7.60","3,136.00","3,863.40","3,291.60","3,117.37","2,703.18","91,060","107,388","69,961"
"2018/05/18","3,090.0","3,175.0","3,050.0","3,160.0","+30.0","22,000","69,016","0","7,200","0.00","-","7.30","3,131.00","3,821.80","3,296.81","3,124.06","2,708.03","48,580","104,856","70,133"
"2018/05/21","3,145.0","3,220.0","3,140.0","3,175.0","+15.0","19,600","62,386","0","7,200","0.00","-","6.90","3,146.00","3,777.40","3,303.07","3,130.77","2,713.01","39,720","102,052","70,110"
"2018/05/22","3,185.0","3,200.0","3,105.0","3,145.0","-30.0","23,000","72,382","0","7,200","0.00","-","7.60","3,157.00","3,736.00","3,309.68","3,137.21","2,717.93","33,340","99,824","70,072"
"2018/05/23","3,145.0","3,205.0","3,135.0","3,175.0","+30.0","20,700","65,635","0","7,300","0.00","-","7.50","3,157.00","3,697.20","3,316.39","3,143.95","2,722.96","23,040","97,828","70,081"
"2018/05/24","3,140.0","3,200.0","3,140.0","3,190.0","+15.0","36,700","116,501","0","7,300","0.00","-","7.10","3,169.00","3,664.60","3,322.99","3,150.63","2,728.00","24,400","96,164","70,313"
"2018/05/25","3,160.0","3,180.0","3,015.0","3,050.0","-140.0","94,200","289,537","0","6,800","0.00","-","7.40","3,147.00","3,621.20","3,327.95","3,155.86","2,732.35","38,840","96,356","71,357"
"2018/05/28","3,025.0","3,080.0","3,000.0","3,010.0","-40.0","31,200","94,518","0","7,000","0.00","-","7.00","3,114.00","3,572.00","3,333.72","3,160.70","2,736.53","41,160","95,580","71,021"
"2018/05/29","2,996.0","3,020.0","2,880.0","2,894.0","-116.0","53,500","156,430","0","6,600","0.00","-","6.90","3,063.80","3,522.16","3,340.71","3,164.54","2,740.06","47,260","96,232","70,730"
"2018/05/30","2,857.0","3,070.0","2,842.0","3,055.0","+161.0","64,500","193,198","0","6,800","0.00","-","6.80","3,039.80","3,476.36","3,349.44","3,170.62","2,744.42","56,020","96,624","71,268"
"2018/05/31","3,105.0","3,125.0","2,930.0","2,963.0","-92.0","130,700","389,108","0","7,700","0.00","-","7.00","2,994.40","3,417.68","3,356.47","3,175.57","2,748.34","74,820","97,536","72,860"
"2018/06/01","2,963.0","2,965.0","2,879.0","2,890.0","-73.0","29,700","86,759","0","7,400","0.00","-","6.80","2,962.40","3,354.88","3,362.37","3,179.96","2,751.82","61,920","93,936","72,884"
"2018/06/04","2,880.0","2,922.0","2,855.0","2,867.0","-23.0","26,100","75,055","0","7,300","0.00","-","6.80","2,933.80","3,305.56","3,366.60","3,183.69","2,755.29","60,900","86,280","72,812"
"2018/06/05","2,831.0","2,880.0","2,806.0","2,830.0","-37.0","24,400","69,057","0","7,800","0.00","-","6.70","2,921.00","3,260.56","3,370.39","3,186.61","2,758.55","55,080","62,048","72,866"
"2018/06/06","2,839.0","2,868.0","2,835.0","2,864.0","+34.0","10,900","31,085","0","7,800","0.00","-","6.70","2,882.80","3,219.92","3,374.01","3,189.47","2,762.07","44,360","57,172","72,682"
"2018/06/07","2,822.0","2,864.0","2,822.0","2,857.0","-7.0","18,500","52,545","0","7,500","0.00","-","6.80","2,861.60","3,184.20","3,377.21","3,192.31","2,765.61","21,920","55,188","72,777"
"2018/06/08","2,864.0","2,910.0","2,855.0","2,890.0","+33.0","21,300","61,413","0","7,500","0.00","-","6.60","2,861.60","3,146.00","3,379.35","3,195.36","2,769.31","20,240","53,808","72,592"
"2018/06/11","2,868.0","2,880.0","2,822.0","2,848.0","-42.0","23,900","68,249","0","7,400","0.00","-","6.60","2,857.80","3,105.52","3,380.44","3,197.51","2,772.66","19,800","53,656","72,446"
"2018/06/12","2,834.0","2,853.0","2,826.0","2,852.0","+4.0","21,500","61,065","0","7,400","0.00","-","6.80","2,862.20","3,062.20","3,381.03","3,198.73","2,776.10","19,220","51,628","72,232"
"2018/06/13","2,902.0","2,960.0","2,880.0","2,949.0","+97.0","28,800","84,615","0","7,600","0.00","-","6.80","2,879.20","3,022.96","3,382.35","3,200.93","2,780.03","22,800","50,560","72,114"
"2018/06/14","2,971.0","2,971.0","2,830.0","2,845.0","-104.0","33,600","96,524","0","8,300","0.00","-","6.30","2,876.80","3,007.56","3,380.72","3,202.03","2,783.46","25,820","47,604","71,858"
"2018/06/15","2,832.0","2,872.0","2,832.0","2,872.0","+27.0","22,600","64,632","0","8,400","0.00","-","6.10","2,873.20","2,995.04","3,379.03","3,203.44","2,787.12","26,080","39,132","71,581"
"2018/06/18","2,900.0","2,900.0","2,837.0","2,863.0","-9.0","25,200","72,088","0","8,600","0.00","-","6.40","2,876.20","2,985.56","3,377.93","3,204.60","2,790.54","26,340","37,584","71,545"
"2018/06/19","2,863.0","2,977.0","2,853.0","2,944.0","+81.0","43,200","126,942","0","14,000","0.00","-","6.30","2,894.60","2,979.72","3,377.59","3,206.61","2,794.47","30,680","37,116","71,845"
"2018/06/20","2,979.0","2,979.0","2,830.0","2,840.0","-104.0","39,200","111,927","0","18,400","0.00","-","6.50","2,872.80","2,966.32","3,375.92","3,206.81","2,797.88","32,760","35,796","72,025"
"2018/06/21","2,855.0","2,868.0","2,810.0","2,827.0","-13.0","21,200","60,117","0","15,600","0.00","-","6.20","2,869.20","2,954.20","3,374.11","3,207.25","2,801.54","30,280","35,448","72,028"
"2018/06/22","2,830.0","2,874.0","2,830.0","2,866.0","+39.0","14,800","42,282","0","15,400","0.00","-","6.30","2,868.00","2,942.44","3,373.21","3,208.22","2,805.41","28,720","35,160","71,894"
"2018/06/25","2,875.0","2,955.0","2,870.0","2,907.0","+41.0","31,900","92,961","0","24,200","0.00","-","6.40","2,876.80","2,931.72","3,371.77","3,210.23","2,809.32","30,060","35,652","71,792"
"2018/06/26","2,907.0","2,939.0","2,879.0","2,915.0","+8.0","16,000","46,579","0","19,500","0.00","-","6.60","2,871.00","2,922.52","3,371.04","3,212.89","2,813.22","24,620","35,372","71,681"
"2018/06/27","2,882.0","2,940.0","2,820.0","2,929.0","+14.0","25,900","74,813","0","17,500","0.00","-","6.60","2,888.80","2,912.68","3,371.03","3,215.46","2,817.00","21,960","35,580","71,748"
"2018/06/28","2,920.0","2,923.0","2,850.0","2,875.0","-54.0","22,100","63,477","0","9,500","0.00","-","6.70","2,898.40","2,900.08","3,370.93","3,217.26","2,820.68","22,140","34,996","71,877"
"2018/06/29","2,876.0","3,100.0","2,868.0","3,035.0","+160.0","79,300","237,140","0","9,800","0.00","-","6.80","2,932.20","2,899.48","3,373.53","3,220.83","2,825.47","35,040","34,400","72,528"
"2018/07/02","3,040.0","3,245.0","3,035.0","3,060.0","+25.0","78,000","244,871","0","9,100","0.00","-","7.10","2,962.80","2,901.48","3,375.92","3,225.66","2,830.37","44,260","36,272","73,289"
"2018/07/03","3,080.0","3,235.0","3,080.0","3,140.0","+80.0","48,000","150,788","0","9,700","0.00","-","7.10","3,007.80","2,911.32","3,377.87","3,233.36","2,835.56","50,660","36,052","73,577"
"2018/07/04","3,210.0","3,260.0","3,165.0","3,190.0","+50.0","63,300","203,211","0","17,100","0.00","-","7.30","3,060.00","2,916.72","3,380.43","3,241.26","2,840.84","58,140","36,004","74,232"
"2018/07/05","3,240.0","3,240.0","2,930.0","2,943.0","-247.0","55,400","171,217","0","16,600","0.00","-","7.40","3,073.60","2,915.92","3,379.47","3,246.33","2,844.95","64,800","32,992","74,506"
"2018/07/06","2,952.0","2,984.0","2,891.0","2,967.0","+24.0","31,300","92,196","0","16,600","0.00","-","6.70","3,060.00","2,919.00","3,376.29","3,251.53","2,849.09","55,200","33,056","71,958"
"2018/07/09","3,010.0","3,020.0","2,886.0","2,893.0","-74.0","51,800","151,614","0","9,200","0.00","-","6.80","3,026.60","2,920.04","3,369.87","3,254.96","2,852.88","49,960","34,084","70,274"
"2018/07/10","2,881.0","3,055.0","2,880.0","2,991.0","+98.0","38,100","112,410","0","9,400","0.00","-","6.40","2,996.80","2,926.48","3,364.35","3,259.41","2,857.22","47,980","34,632","69,517"
"2018/07/11","2,956.0","2,970.0","2,896.0","2,900.0","-91.0","16,000","46,616","0","9,400","0.00","-","6.10","2,938.80","2,927.92","3,358.75","3,262.49","2,861.18","38,520","34,836","68,685"
"2018/07/12","2,895.0","2,966.0","2,895.0","2,921.0","+21.0","20,800","60,785","0","9,400","0.00","-","6.30","2,934.40","2,930.48","3,353.63","3,265.53","2,864.98","31,600","34,928","67,541"
"2018/07/13","2,922.0","2,984.0","2,922.0","2,972.0","+51.0","6,500","19,298","0","9,500","0.00","-","6.40","2,935.40","2,933.76","3,348.72","3,267.95","2,869.01","26,640","34,336","66,577"
"2018/07/17","3,025.0","3,125.0","3,015.0","3,060.0","+88.0","28,900","88,785","0","9,300","0.00","-","6.40","2,968.80","2,942.24","3,344.39","3,270.89","2,873.48","22,060","34,536","65,820"
"2018/07/18","3,130.0","3,130.0","3,060.0","3,100.0","+40.0","19,300","59,646","0","9,300","0.00","-","6.60","2,990.60","2,952.16","3,339.19","3,273.81","2,878.23","18,300","34,448","65,138"
"2018/07/19","3,075.0","3,075.0","3,005.0","3,005.0","-95.0","14,400","43,664","0","9,000","0.00","-","6.70","3,011.60","2,954.40","3,331.45","3,275.36","2,882.36","17,980","33,872","64,384"
"2018/07/20","3,010.0","3,060.0","2,969.0","2,994.0","-11.0","17,200","51,701","0","9,000","0.00","-","6.60","3,026.20","2,960.36","3,324.57","3,275.63","2,886.43","17,260","33,216","63,689"
"2018/07/23","2,990.0","2,990.0","2,955.0","2,967.0","-27.0","17,300","51,363","0","9,500","0.00","-","6.60","3,025.20","2,964.16","3,316.53","3,275.31","2,890.27","19,420","33,004","63,412"
"2018/07/24","2,973.0","3,030.0","2,968.0","3,010.0","+43.0","16,200","48,647","0","9,700","0.00","-","6.60","3,015.20","2,970.04","3,307.07","3,275.96","2,893.90","16,880","32,644","62,512"
"2018/07/25","3,035.0","3,075.0","3,015.0","3,025.0","+15.0","13,700","41,691","0","9,400","0.00","-","6.60","3,000.20","2,973.28","3,295.13","3,276.51","2,897.64","15,760","31,464","61,222"
"2018/07/26","3,030.0","3,055.0","2,988.0","3,050.0","+25.0","17,400","52,408","0","9,400","0.00","-","6.60","3,009.20","2,981.68","3,282.33","3,277.36","2,901.24","16,360","30,592","59,864"
"2018/07/27","3,055.0","3,130.0","3,055.0","3,065.0","+15.0","20,200","62,191","0","12,900","0.00","-","6.70","3,023.40","2,991.20","3,269.60","3,278.38","2,904.83","16,960","30,552","57,796"
"2018/07/30","3,060.0","3,095.0","3,055.0","3,075.0","+10.0","11,900","36,561","0","12,900","0.00","-","6.80","3,045.00","2,999.56","3,254.60","3,279.80","2,908.47","15,880","30,436","56,817"
"2018/07/31","3,095.0","3,145.0","3,040.0","3,125.0","+50.0","26,300","81,321","0","13,200","0.00","-","6.80","3,068.00","3,008.28","3,239.13","3,280.90","2,912.19","17,900","30,212","55,972"
"2018/08/01","3,125.0","3,200.0","3,100.0","3,195.0","+70.0","42,800","134,129","0","13,100","0.00","-","7.00","3,102.00","3,019.48","3,226.00","3,283.15","2,915.80","23,720","31,284","55,493"
"2018/08/02","2,885.0","2,920.0","2,794.0","2,795.0","-400.0","118,400","335,931","0","14,800","0.00","-","7.10","3,051.00","3,014.12","3,208.00","3,281.80","2,917.02","43,920","34,984","56,130"
"2018/08/03","2,800.0","2,819.0","2,703.0","2,706.0","-89.0","50,900","139,474","0","14,500","0.00","-","6.30","2,979.20","3,007.36","3,190.68","3,280.04","2,917.55","50,060","36,136","55,765"
"2018/08/06","2,706.0","2,710.0","2,635.0","2,652.0","-54.0","27,100","72,363","0","14,200","0.00","-","6.10","2,894.60","2,992.04","3,170.91","3,278.16","2,918.36","53,100","34,048","54,934"
"2018/08/07","2,685.0","2,765.0","2,670.0","2,753.0","+101.0","24,100","65,498","0","14,200","0.00","-","6.00","2,820.20","2,979.76","3,151.08","3,276.88","2,919.57","52,660","31,892","54,581"
"2018/08/08","2,751.0","2,799.0","2,680.0","2,787.0","+34.0","36,600","100,490","0","14,200","0.00","-","6.40","2,738.60","2,965.64","3,133.04","3,274.81","2,920.87","51,420","31,436","54,573"
"2018/08/09","2,740.0","2,762.0","2,720.0","2,742.0","-45.0","19,300","52,912","0","14,200","0.00","-","6.20","2,728.00","2,947.72","3,113.60","3,272.25","2,921.96","31,600","29,676","54,101"
"2018/08/10","2,790.0","2,792.0","2,740.0","2,791.0","+49.0","21,700","60,225","0","14,000","0.00","-","6.30","2,745.00","2,941.64","3,091.75","3,270.01","2,923.56","25,760","28,328","52,952"
"2018/08/13","2,790.0","2,790.0","2,697.0","2,743.0","-48.0","21,900","59,829","0","14,000","0.00","-","6.30","2,763.20","2,932.68","3,068.85","3,265.39","2,924.73","24,720","27,952","51,648"
"2018/08/14","2,743.0","2,824.0","2,734.0","2,816.0","+73.0","26,300","73,423","0","14,000","0.00","-","6.20","2,775.80","2,929.60","3,051.73","3,259.80","2,926.30","25,160","26,932","49,098"
"2018/08/15","2,816.0","2,816.0","2,709.0","2,717.0","-99.0","14,700","40,280","0","15,200","0.00","-","6.30","2,761.80","2,918.64","3,035.23","3,252.92","2,927.03","20,780","25,996","40,892"
"2018/08/16","2,767.0","2,767.0","2,713.0","2,727.0","+10.0","10,500","28,697","0","14,700","0.00","-","6.20","2,758.80","2,911.72","3,019.85","3,246.99","2,927.78","19,020","25,776","39,261"
"2018/08/17","2,721.0","2,733.0","2,704.0","2,706.0","-21.0","8,300","22,511","0","14,700","0.00","-","6.20","2,741.80","2,903.12","3,005.93","3,241.00","2,928.46","16,340","25,276","38,464"
"2018/08/20","2,706.0","2,743.0","2,688.0","2,692.0","-14.0","11,800","31,966","0","14,800","0.00","-","6.20","2,731.60","2,891.92","2,990.56","3,234.52","2,929.21","14,320","25,488","37,877"
"2018/08/21","2,691.0","2,695.0","2,654.0","2,658.0","-34.0","12,000","32,103","0","14,600","0.00","-","6.10","2,700.00","2,875.84","2,974.53","3,227.25","2,929.69","11,460","24,812","37,668"
"2018/08/22","2,658.0","2,733.0","2,635.0","2,715.0","+57.0","12,900","34,607","0","16,700","0.00","-","6.10","2,699.60","2,860.44","2,958.27","3,219.50","2,930.27","11,100","24,556","36,877"
"2018/08/23","2,694.0","2,789.0","2,694.0","2,763.0","+48.0","12,100","33,386","0","14,700","0.00","-","6.10","2,706.80","2,850.76","2,942.71","3,211.28","2,931.19","11,420","24,464","36,298"
"2018/08/24","2,763.0","2,865.0","2,763.0","2,803.0","+40.0","18,100","51,155","0","14,100","0.00","-","6.20","2,726.20","2,843.12","2,937.01","3,204.21","2,932.36","13,380","24,500","35,106"
"2018/08/27","2,803.0","2,980.0","2,788.0","2,969.0","+166.0","34,600","100,440","0","13,300","0.00","-","6.30","2,781.60","2,843.20","2,934.13","3,198.20","2,934.72","17,940","25,192","32,442"
"2018/08/28","2,940.0","2,965.0","2,908.0","2,908.0","-61.0","10,900","31,916","0","14,000","0.00","-","6.60","2,831.60","2,839.12","2,931.57","3,190.08","2,937.35","17,720","24,980","31,736"
"2018/08/29","2,868.0","2,868.0","2,825.0","2,825.0","-83.0","11,300","32,207","0","14,100","0.00","-","6.40","2,853.60","2,831.12","2,928.04","3,179.13","2,939.50","17,400","24,884","31,154"
"2018/08/30","2,836.0","2,860.0","2,805.0","2,834.0","+9.0","6,200","17,520","0","14,100","0.00","-","6.30","2,867.80","2,822.48","2,923.49","3,167.37","2,941.67","16,220","24,436","30,274"
"2018/08/31","2,832.0","2,917.0","2,821.0","2,911.0","+77.0","21,900","62,970","0","16,100","0.00","-","5.80","2,889.40","2,816.32","2,920.57","3,156.28","2,944.91","16,980","24,504","30,168"
"2018/09/03","2,911.0","2,949.0","2,874.0","2,892.0","-19.0","13,200","38,393","0","16,400","0.00","-","5.90","2,874.00","2,809.00","2,917.00","3,143.20","2,948.22","12,700","24,556","30,050"
"2018/09/04","2,916.0","2,916.0","2,822.0","2,841.0","-51.0","5,200","14,894","0","17,000","0.00","-","6.00","2,860.60","2,797.64","2,912.55","3,128.76","2,951.26","11,560","23,712","29,858"
"2018/09/05","2,825.0","2,837.0","2,801.0","2,803.0","-38.0","7,200","20,242","0","17,000","0.00","-","5.90","2,856.20","2,781.96","2,907.99","3,114.99","2,954.18","10,740","22,288","29,648"
"2018/09/06","2,816.0","2,948.0","2,799.0","2,907.0","+104.0","18,100","52,192","0","17,000","0.00","-","5.90","2,870.80","2,786.44","2,904.41","3,102.61","2,957.84","13,120","18,276","29,613"
"2018/09/07","2,907.0","2,907.0","2,822.0","2,835.0","-72.0","7,000","19,896","0","16,900","0.00","-","6.00","2,855.60","2,791.60","2,899.68","3,090.91","2,960.86","10,140","16,520","29,217"
"2018/09/10","2,841.0","2,881.0","2,825.0","2,864.0","+29.0","9,200","26,273","0","16,900","0.00","-","5.70","2,850.00","2,800.08","2,897.20","3,078.20","2,963.86","9,340","15,804","28,084"
"2018/09/11","2,880.0","2,920.0","2,864.0","2,908.0","+44.0","16,800","48,526","0","16,800","0.00","-","5.70","2,863.40","2,806.28","2,895.84","3,064.88","2,966.95","11,660","15,512","27,892"
"2018/09/12","2,926.0","2,940.0","2,803.0","2,857.0","-51.0","18,300","52,465","0","16,200","0.00","-","6.00","2,874.20","2,809.08","2,895.35","3,052.05","2,969.88","13,880","14,780","27,422"
"2018/09/13","2,857.0","2,876.0","2,840.0","2,857.0","0.0","8,400","23,984","0","16,400","0.00","-","5.80","2,864.20","2,813.68","2,892.71","3,038.62","2,972.86","11,940","14,344","26,674"
"2018/09/14","2,930.0","2,930.0","2,870.0","2,899.0","+42.0","17,900","52,127","0","16,400","0.00","-","5.80","2,877.00","2,818.00","2,891.85","3,023.31","2,976.00","14,120","14,192","25,170"
"2018/09/18","2,898.0","2,971.0","2,879.0","2,924.0","+25.0","14,800","43,241","0","16,100","0.00","-","5.90","2,889.00","2,825.24","2,892.31","3,007.95","2,979.26","15,240","13,908","24,972"
"2018/09/19","2,924.0","2,940.0","2,880.0","2,901.0","-23.0","13,400","38,945","0","17,800","0.00","-","6.00","2,887.60","2,828.64","2,892.76","2,995.96","2,982.42","14,560","13,392","24,802"
"2018/09/20","2,919.0","3,060.0","2,919.0","3,000.0","+99.0","31,700","95,016","0","17,600","0.00","-","6.10","2,916.20","2,839.96","2,895.03","2,986.41","2,985.90","17,240","14,072","24,900"
"2018/09/21","3,000.0","3,000.0","2,943.0","2,944.0","-56.0","13,300","39,361","0","17,800","0.00","-","6.20","2,933.60","2,848.64","2,896.09","2,977.05","2,988.97","18,220","14,184","24,932"
"2018/09/25","2,923.0","3,000.0","2,910.0","3,000.0","+56.0","14,700","43,530","0","12,100","0.00","-","6.10","2,953.80","2,860.40","2,898.00","2,969.55","2,992.26","17,580","14,440","24,881"
"2018/09/26","2,999.0","3,095.0","2,987.0","3,095.0","+95.0","14,500","44,221","0","11,500","0.00","-","6.10","2,988.00","2,876.52","2,900.73","2,962.05","2,995.83","17,520","14,548","24,790"
"2018/09/27","3,065.0","3,065.0","2,970.0","2,972.0","-123.0","15,800","47,963","0","5,700","0.00","-","6.30","3,002.20","2,889.08","2,902.39","2,953.17","2,998.79","18,000","14,700","24,682"
"2018/09/28","2,951.0","3,020.0","2,950.0","2,972.0","0.0","13,000","38,824","0","6,100","0.00","-","6.10","2,996.60","2,899.36","2,903.99","2,943.54","3,001.77","14,260","14,704","24,569"
"2018/10/01","2,931.0","2,947.0","2,901.0","2,902.0","-70.0","18,200","53,200","0","6,200","0.00","-","6.00","2,988.20","2,904.92","2,903.36","2,933.26","3,004.36","15,240","14,948","24,428"
"2018/10/02","2,947.0","2,947.0","2,883.0","2,891.0","-11.0","13,200","38,334","0","6,500","0.00","-","5.90","2,966.40","2,908.44","2,903.97","2,929.87","3,006.99","14,940","14,752","24,156"
"2018/10/03","2,885.0","2,911.0","2,881.0","2,889.0","-2.0","10,300","29,775","0","6,500","0.00","-","5.70","2,925.20","2,905.24","2,904.20","2,926.91","3,009.24","14,100","13,780","23,992"
"2018/10/04","2,918.0","2,932.0","2,871.0","2,918.0","+29.0","11,800","34,272","0","6,800","0.00","-","5.70","2,914.40","2,905.64","2,904.93","2,925.09","3,011.50","13,300","13,816","23,813"
"2018/10/05","2,874.0","2,904.0","2,874.0","2,891.0","-27.0","8,200","23,701","0","6,800","0.00","-","5.70","2,898.20","2,908.28","2,904.23","2,923.10","3,013.51","12,340","13,692","23,346"
"2018/10/09","2,891.0","2,906.0","2,851.0","2,863.0","-28.0","11,800","33,908","0","6,800","0.00","-","5.60","2,890.40","2,909.44","2,904.53","2,919.98","3,015.38","11,060","13,916","22,981"
"2018/10/10","2,850.0","2,893.0","2,823.0","2,871.0","+8.0","10,300","29,417","0","6,800","0.00","-","5.60","2,886.40","2,907.84","2,905.12","2,917.39","3,017.38","10,480","13,452","22,836"
"2018/10/11","2,810.0","2,810.0","2,711.0","2,755.0","-116.0","17,500","48,415","0","6,200","0.00","-","5.60","2,859.60","2,902.36","2,903.64","2,913.34","3,018.70","11,920","13,624","22,872"
"2018/10/12","2,732.0","2,765.0","2,715.0","2,728.0","-27.0","15,600","42,725","0","6,200","0.00","-","5.50","2,821.60","2,897.84","2,901.25","2,908.87","3,019.82","12,680","14,040","22,654"
"2018/10/15","2,735.0","2,735.0","2,700.0","2,701.0","-27.0","18,300","49,585","0","9,900","0.00","-","5.40","2,783.60","2,893.76","2,898.40","2,904.43","3,020.82","14,700","14,484","22,685"
"2018/10/16","2,827.0","2,827.0","2,714.0","2,736.0","+35.0","13,300","36,872","0","6,500","0.00","-","5.40","2,758.20","2,886.92","2,895.83","2,900.04","3,022.00","15,000","14,292","22,517"
"2018/10/17","2,753.0","2,826.0","2,753.0","2,800.0","+64.0","6,900","19,268","0","6,500","0.00","-","5.40","2,744.00","2,885.52","2,894.83","2,896.14","3,023.39","14,320","14,288","22,314"
"2018/10/18","2,800.0","2,825.0","2,756.0","2,770.0","-30.0","5,900","16,465","0","6,500","0.00","-","5.50","2,747.00","2,881.76","2,891.29","2,893.34","3,024.60","12,000","14,156","21,336"
"2018/10/19","2,720.0","2,794.0","2,718.0","2,758.0","-12.0","6,100","16,857","0","6,500","0.00","-","5.10","2,753.00","2,875.76","2,887.27","2,890.82","3,025.76","10,100","13,728","20,377"
"2018/10/22","2,750.0","2,831.0","2,750.0","2,810.0","+52.0","5,600","15,672","0","6,500","0.00","-","5.60","2,774.80","2,873.88","2,882.87","2,889.98","3,027.26","7,560","13,220","19,812"
"2018/10/23","2,810.0","2,810.0","2,731.0","2,733.0","-77.0","9,600","26,470","0","6,800","0.00","-","5.30","2,774.20","2,868.92","2,876.77","2,886.76","3,028.69","6,820","13,268","19,096"
"2018/10/24","2,730.0","2,800.0","2,713.0","2,767.0","+34.0","11,300","31,054","0","6,500","0.00","-","5.50","2,767.60","2,863.64","2,874.43","2,884.80","3,030.19","7,700","13,004","18,508"
"2018/10/25","2,650.0","2,673.0","2,612.0","2,619.0","-148.0","21,900","57,780","0","6,000","0.00","-","4.60","2,737.40","2,851.44","2,869.79","2,882.09","3,031.03","10,900","13,288","18,382"
"2018/10/26","2,622.0","2,684.0","2,550.0","2,567.0","-52.0","24,800","64,491","0","10,500","0.00","-","4.20","2,699.20","2,838.08","2,865.44","2,879.09","3,031.39","14,640","13,744","18,022"
"2018/10/29","2,542.0","2,566.0","2,502.0","2,507.0","-60.0","15,700","39,719","0","10,500","0.00","-","4.40","2,638.60","2,818.36","2,858.99","2,875.86","3,031.24","16,660","13,104","17,724"
"2018/10/30","2,490.0","2,692.0","2,472.0","2,639.0","+132.0","24,200","62,964","0","10,500","0.00","-","4.20","2,619.80","2,806.16","2,855.51","2,873.61","3,031.54","19,580","13,540","17,833"
"2018/10/31","2,685.0","2,765.0","2,633.0","2,730.0","+91.0","14,400","38,925","0","10,500","0.00","-","4.50","2,612.40","2,795.36","2,852.96","2,872.34","3,032.33","20,200","13,528","17,748"
"2018/11/01","2,730.0","2,770.0","2,681.0","2,748.0","+18.0","19,000","51,901","0","10,200","0.00","-","4.60","2,638.20","2,781.48","2,849.97","2,870.92","3,033.14","19,620","13,708","17,914"
"2018/11/02","2,748.0","2,752.0","2,692.0","2,726.0","-22.0","9,500","25,867","0","10,100","0.00","-","4.60","2,670.00","2,771.64","2,845.52","2,869.70","3,033.61","16,560","13,456","17,656"
"2018/11/05","2,726.0","2,726.0","2,680.0","2,684.0","-42.0","6,000","16,170","0","10,100","0.00","-","4.70","2,705.40","2,760.12","2,839.97","2,868.02","3,033.38","14,620","13,176","17,478"
"2018/11/06","2,675.0","2,706.0","2,670.0","2,682.0","-2.0","5,800","15,573","0","10,100","0.00","-","4.70","2,714.00","2,751.32","2,835.67","2,865.35","3,033.14","10,940","12,680","17,364"
"2018/11/07","2,661.0","2,732.0","2,638.0","2,681.0","-1.0","11,300","30,277","0","10,100","0.00","-","4.70","2,704.20","2,742.92","2,831.49","2,863.71","3,032.87","10,320","12,604","17,285"
"2018/11/08","2,686.0","2,710.0","2,668.0","2,669.0","-12.0","7,700","20,687","0","10,500","0.00","-","4.60","2,688.40","2,734.12","2,827.52","2,861.68","3,032.56","8,060","12,500","17,157"
"2018/11/09","2,350.0","2,445.0","2,343.0","2,370.0","-299.0","71,000","168,489","0","14,700","0.00","-","4.70","2,617.20","2,712.20","2,818.99","2,856.75","3,030.68","20,360","14,868","17,888"
"2018/11/12","2,375.0","2,420.0","2,370.0","2,395.0","+25.0","23,600","56,358","0","11,600","0.00","-","4.40","2,559.40","2,692.36","2,810.59","2,851.26","3,028.94","23,880","15,484","18,020"
"2018/11/13","2,394.0","2,406.0","2,341.0","2,355.0","-40.0","15,100","35,705","0","10,500","0.00","-","4.40","2,494.00","2,672.04","2,801.32","2,846.41","3,026.61","25,740","15,616","17,989"
"2018/11/14","2,334.0","2,360.0","2,333.0","2,342.0","-13.0","12,600","29,524","0","10,500","0.00","-","4.20","2,426.20","2,650.88","2,791.68","2,841.56","3,024.41","26,000","15,708","17,888"
"2018/11/15","2,325.0","2,333.0","2,282.0","2,284.0","-58.0","17,700","40,744","0","11,200","0.00","-","4.30","2,349.20","2,632.04","2,781.13","2,835.74","3,021.98","28,000","15,716","17,965"
"2018/11/16","2,282.0","2,336.0","2,262.0","2,277.0","-7.0","13,600","31,192","0","11,100","0.00","-","4.10","2,330.60","2,614.00","2,769.83","2,829.44","3,019.84","16,520","15,636","17,796"
"2018/11/19","2,251.0","2,282.0","2,223.0","2,266.0","-11.0","20,900","47,100","0","11,300","0.00","-","4.40","2,304.80","2,596.60","2,757.44","2,822.95","3,017.92","15,980","15,740","17,504"
"2018/11/20","2,266.0","2,279.0","2,209.0","2,220.0","-46.0","17,000","37,950","0","11,500","0.00","-","4.30","2,277.80","2,575.96","2,749.77","2,815.86","3,015.66","16,360","15,888","16,152"
"2018/11/21","2,199.0","2,199.0","2,150.0","2,170.0","-50.0","22,300","48,523","0","19,800","0.00","-","4.10","2,243.40","2,550.76","2,742.63","2,808.81","3,013.04","18,300","16,504","15,770"
"2018/11/22","2,170.0","2,170.0","2,060.0","2,091.0","-79.0","34,700","72,970","0","19,900","0.00","-","4.20","2,204.80","2,523.60","2,735.15","2,799.37","3,010.10","21,700","17,656","15,872"
"2018/11/26","2,071.0","2,093.0","2,050.0","2,079.0","-12.0","35,600","73,702","0","18,100","0.00","-","4.40","2,165.20","2,496.44","2,726.16","2,789.56","3,007.61","26,100","18,836","16,025"
"2018/11/27","2,079.0","2,091.0","2,032.0","2,070.0","-9.0","39,700","81,997","0","18,100","0.00","-","4.40","2,126.00","2,466.84","2,716.60","2,778.86","3,006.11","29,860","20,200","16,066"
"2018/11/28","2,070.0","2,070.0","2,042.0","2,053.0","-17.0","27,800","57,070","0","18,100","0.00","-","4.40","2,092.60","2,439.64","2,707.41","2,767.49","3,004.38","32,020","20,928","16,180"
"2018/11/29","2,057.0","2,147.0","2,050.0","2,124.0","+71.0","42,000","88,618","0","9,000","0.00","-","4.40","2,083.40","2,413.92","2,698.52","2,759.30","3,002.82","35,960","22,156","16,450"
"2018/11/30","2,118.0","2,118.0","2,058.0","2,113.0","-11.0","22,700","47,635","0","8,400","0.00","-","3.90","2,087.80","2,393.68","2,690.12","2,750.76","3,001.15","33,560","22,188","16,461"
"2018/12/03","2,120.0","2,269.0","2,120.0","2,234.0","+121.0","38,600","85,184","0","2,300","0.00","-","4.00","2,118.80","2,380.36","2,682.36","2,744.17","2,999.57","34,160","22,740","16,625"
"2018/12/04","2,234.0","2,250.0","2,193.0","2,218.0","-16.0","30,300","67,314","0","2,200","0.00","-","4.10","2,148.40","2,368.80","2,675.71","2,736.44","2,997.93","32,280","23,324","16,833"
"2018/12/05","2,191.0","2,202.0","2,157.0","2,173.0","-45.0","30,300","66,217","0","2,000","0.00","-","4.10","2,172.40","2,350.16","2,668.32","2,729.17","2,995.83","32,780","23,568","17,097"
"2018/12/06","2,173.0","2,173.0","2,070.0","2,094.0","-79.0","34,100","71,913","0","5,400","0.00","-","3.90","2,166.40","2,324.72","2,660.16","2,720.90","2,993.22","31,200","24,356","17,441"
"2018/12/07","2,144.0","2,144.0","2,033.0","2,115.0","+21.0","22,600","47,218","0","1,900","0.00","-","3.80","2,166.80","2,299.40","2,652.47","2,712.33","2,990.14","31,180","24,500","17,585"
"2018/12/10","2,165.0","2,165.0","2,058.0","2,093.0","-22.0","9,800","20,516","0","1,900","0.00","-","3.90","2,138.60","2,274.08","2,644.93","2,702.66","2,986.78","25,420","24,512","17,556"
"2018/12/11","2,084.0","2,092.0","1,992.0","2,040.0","-53.0","36,200","73,056","0","1,800","0.00","-","3.90","2,103.00","2,248.32","2,635.93","2,692.06","2,982.94","26,600","25,720","17,866"
"2018/12/12","2,010.0","2,134.0","2,001.0","2,128.0","+88.0","20,900","43,029","0","1,800","0.00","-","3.80","2,094.00","2,226.16","2,627.47","2,683.29","2,979.33","24,720","26,324","17,984"
"2018/12/13","2,135.0","2,176.0","2,113.0","2,138.0","+10.0","16,900","36,195","0","1,800","0.00","-","3.90","2,102.80","2,204.44","2,618.60","2,674.73","2,975.18","21,280","26,548","17,968"
"2018/12/14","2,150.0","2,150.0","2,126.0","2,138.0","0.0","13,700","29,346","0","2,000","0.00","-","3.90","2,107.40","2,183.20","2,607.52","2,666.44","2,970.88","19,500","26,788","17,689"
"2018/12/17","2,131.0","2,133.0","2,100.0","2,122.0","-16.0","19,200","40,633","0","1,500","0.00","-","3.90","2,113.20","2,173.28","2,597.04","2,657.56","2,966.76","21,380","24,716","17,800"
"2018/12/18","2,075.0","2,088.0","2,025.0","2,034.0","-88.0","18,000","36,875","0","1,500","0.00","-","3.90","2,112.00","2,158.84","2,586.49","2,647.65","2,962.08","17,740","24,492","17,889"
"2018/12/19","2,011.0","2,080.0","2,001.0","2,063.0","+29.0","36,900","74,487","0","5,000","0.00","-","3.80","2,099.00","2,147.16","2,576.21","2,637.78","2,957.57","20,940","25,364","18,298"
"2018/12/20","2,013.0","2,054.0","1,975.0","1,993.0","-70.0","24,400","48,846","0","1,200","0.00","-","3.90","2,070.00","2,133.20","2,563.97","2,627.06","2,952.72","22,440","25,836","18,332"
"2018/12/21","1,977.0","2,055.0","1,922.0","2,019.0","+26.0","38,900","77,498","0","3,800","0.00","-","3.80","2,046.20","2,122.60","2,552.33","2,616.50","2,948.15","27,480","26,684","18,674"
"2018/12/25","1,900.0","1,994.0","1,840.0","1,877.0","-142.0","51,800","98,455","0","15,900","0.00","-","3.80","1,997.20","2,106.60","2,539.48","2,604.02","2,942.46","34,000","28,212","19,296"
"2018/12/26","1,912.0","1,935.0","1,850.0","1,920.0","+43.0","42,400","80,383","0","25,300","0.00","-","3.60","1,974.40","2,092.76","2,527.71","2,591.27","2,937.21","38,880","29,072","19,765"
"2018/12/27","2,262.0","2,262.0","2,058.0","2,140.0","+220.0","89,100","196,675","0","14,500","0.00","-","3.70","1,989.80","2,089.56","2,517.48","2,584.72","2,933.26","49,320","31,956","20,712"
"2018/12/28","2,066.0","2,132.0","2,066.0","2,125.0","-15.0","15,000","31,421","0","14,500","0.00","-","4.00","2,016.20","2,087.76","2,508.01","2,578.91","2,929.48","47,440","31,664","20,818"
"2019/01/04","2,125.0","2,125.0","1,925.0","2,018.0","-107.0","29,000","58,332","0","14,700","0.00","-","3.90","2,016.00","2,084.84","2,496.73","2,572.57","2,925.37","45,460","31,436","21,082"
"2019/01/07","2,050.0","2,067.0","1,948.0","2,032.0","+14.0","19,900","40,370","0","15,900","0.00","-","3.80","2,047.00","2,082.96","2,485.05","2,565.36","2,921.12","39,080","30,808","21,124"
"2019/01/08","2,022.0","2,048.0","2,008.0","2,047.0","+15.0","13,300","26,982","0","15,800","0.00","-","3.80","2,072.40","2,082.04","2,474.25","2,557.96","2,916.39","33,260","29,752","21,057"
"2019/01/09","2,022.0","2,096.0","2,020.0","2,056.0","+9.0","18,000","37,136","0","15,800","0.00","-","3.80","2,055.60","2,082.16","2,463.57","2,551.10","2,911.68","19,040","29,360","21,185"
"2019/01/10","2,084.0","2,099.0","2,027.0","2,090.0","+34.0","9,600","19,888","0","15,800","0.00","-","3.80","2,048.60","2,080.80","2,452.79","2,544.09","2,907.05","17,960","28,064","21,074"
"2019/01/11","2,080.0","2,116.0","2,000.0","2,052.0","-38.0","19,300","39,569","0","12,600","0.00","-","4.10","2,055.40","2,078.36","2,441.16","2,537.18","2,901.29","16,020","27,928","21,134"
"2019/01/15","2,004.0","2,056.0","2,004.0","2,052.0","0.0","9,600","19,564","0","12,700","0.00","-","4.00","2,059.40","2,071.08","2,429.84","2,529.54","2,894.67","13,960","26,768","21,084"
"2019/01/16","2,050.0","2,066.0","2,001.0","2,026.0","-26.0","12,800","26,075","0","12,700","0.00","-","4.00","2,055.20","2,063.40","2,416.85","2,522.63","2,887.78","13,860","26,068","20,832"
"2019/01/17","2,026.0","2,039.0","2,000.0","2,007.0","-19.0","12,200","24,584","0","14,700","0.00","-","4.00","2,045.40","2,056.76","2,404.36","2,515.43","2,881.21","12,700","25,344","20,817"
"2019/01/18","2,007.0","2,020.0","1,980.0","2,006.0","-1.0","18,300","36,610","0","12,700","0.00","-","4.00","2,028.60","2,053.24","2,391.11","2,508.43","2,874.72","14,440","24,712","20,865"
"2019/01/21","2,030.0","2,075.0","2,010.0","2,010.0","+4.0","27,000","54,882","0","13,100","0.00","-","4.00","2,020.20","2,049.04","2,376.64","2,501.61","2,868.07","15,980","24,888","21,032"
"2019/01/22","2,010.0","2,016.0","1,988.0","2,003.0","-7.0","7,600","15,209","0","13,100","0.00","-","4.00","2,010.40","2,045.44","2,363.72","2,495.06","2,861.16","15,580","24,800","20,922"
"2019/01/23","1,983.0","2,000.0","1,957.0","1,965.0","-38.0","15,000","29,659","0","13,100","0.00","-","4.00","1,998.20","2,042.44","2,350.29","2,487.56","2,853.53","16,020","23,952","20,949"
"2019/01/24","1,987.0","1,987.0","1,905.0","1,957.0","-8.0","14,500","28,156","0","13,100","0.00","-","3.90","1,988.20","2,035.60","2,337.69","2,479.50","2,845.39","16,480","23,696","20,900"
"2019/01/25","1,965.0","1,965.0","1,909.0","1,926.0","-31.0","19,700","38,060","0","15,200","0.00","-","3.90","1,972.20","2,027.12","2,324.83","2,470.73","2,837.47","16,760","23,808","20,986"
"2019/01/28","1,915.0","1,935.0","1,909.0","1,925.0","-1.0","21,300","40,916","0","15,600","0.00","-","3.90","1,955.20","2,018.60","2,311.97","2,460.29","2,829.25","15,620","24,112","21,133"
"2019/01/29","1,908.0","1,921.0","1,891.0","1,908.0","-17.0","16,800","32,005","0","13,800","0.00","-","3.90","1,936.20","2,010.04","2,298.51","2,450.29","2,820.19","17,460","24,016","21,200"
"2019/01/30","1,908.0","1,908.0","1,861.0","1,861.0","-47.0","30,500","57,171","0","14,300","0.00","-","3.90","1,915.40","2,003.12","2,284.77","2,440.65","2,809.89","20,560","24,516","21,497"
"2019/01/31","1,880.0","1,923.0","1,880.0","1,900.0","+39.0","32,500","61,662","0","14,000","0.00","-","3.80","1,904.00","1,996.60","2,271.93","2,431.31","2,799.34","24,160","24,340","21,773"
"2019/02/01","1,900.0","1,945.0","1,900.0","1,944.0","+44.0","12,700","24,504","0","14,000","0.00","-","3.90","1,907.60","1,994.64","2,259.57","2,421.64","2,788.96","22,760","23,872","21,805"
"2019/02/04","1,963.0","2,027.0","1,963.0","2,018.0","+74.0","21,400","42,821","0","17,000","0.00","-","3.90","1,926.20","1,994.60","2,249.75","2,412.90","2,778.05","22,780","23,172","21,857"
"2019/02/05","2,068.0","2,068.0","2,027.0","2,042.0","+24.0","14,600","29,928","0","17,000","0.00","-","4.00","1,953.00","2,001.20","2,240.60","2,404.91","2,766.84","22,340","21,684","21,844"
"2019/02/06","2,040.0","2,056.0","2,026.0","2,048.0","+6.0","6,900","14,108","0","17,000","0.00","-","4.00","1,990.40","2,006.32","2,231.89","2,397.36","2,756.18","17,620","20,264","21,692"
"2019/02/07","2,041.0","2,080.0","2,007.0","2,035.0","-13.0","15,200","31,024","0","15,300","0.00","-","4.00","2,017.40","2,002.12","2,222.55","2,388.64","2,745.63","14,160","17,308","21,717"
"2019/02/08","2,050.0","2,050.0","1,978.0","2,007.0","-28.0","25,700","51,865","0","21,300","0.00","-","4.00","2,030.00","1,997.40","2,211.97","2,380.36","2,735.64","16,760","17,736","21,968"
"2019/02/12","2,060.0","2,286.0","2,009.0","2,281.0","+274.0","68,400","149,528","0","15,200","0.00","-","4.00","2,082.60","2,007.92","2,205.45","2,374.53","2,726.37","26,160","19,312","22,801"
"2019/02/13","2,281.0","2,317.0","2,222.0","2,286.0","+5.0","46,300","105,757","0","22,500","0.00","-","4.40","2,131.40","2,018.08","2,199.16","2,368.31","2,716.60","32,500","20,368","23,337"
"2019/02/14","2,252.0","2,329.0","2,218.0","2,272.0","-14.0","21,300","48,524","0","22,500","0.00","-","4.40","2,176.20","2,027.08","2,191.99","2,362.46","2,707.26","35,380","20,688","23,546"
"2019/02/15","2,272.0","2,305.0","2,235.0","2,279.0","+7.0","11,200","25,471","0","22,200","0.00","-","4.30","2,225.00","2,036.00","2,185.93","2,356.68","2,697.65","34,580","20,416","23,568"
"2019/02/18","2,315.0","2,315.0","2,246.0","2,276.0","-3.0","23,700","54,362","0","12,200","0.00","-","4.20","2,278.80","2,043.44","2,179.39","2,350.45","2,686.88","34,180","20,980","23,733"
"2019/02/19","2,236.0","2,305.0","2,236.0","2,276.0","0.0","17,500","39,866","0","12,500","0.00","-","4.20","2,277.80","2,052.40","2,174.81","2,343.97","2,675.96","24,000","20,908","23,674"
"2019/02/20","2,314.0","2,378.0","2,276.0","2,302.0","+26.0","17,300","40,174","0","12,500","0.00","-","4.20","2,281.00","2,062.40","2,171.28","2,337.98","2,666.97","18,200","21,216","23,574"
"2019/02/21","2,302.0","2,339.0","2,268.0","2,286.0","-16.0","13,000","29,905","0","12,500","0.00","-","4.20","2,283.80","2,072.80","2,168.33","2,330.84","2,658.63","16,540","21,224","23,538"
"2019/02/22","2,265.0","2,330.0","2,265.0","2,295.0","+9.0","21,100","48,240","0","17,200","0.00","-","4.20","2,287.00","2,084.32","2,163.75","2,324.35","2,650.70","18,520","21,580","23,497"
"2019/02/25","2,290.0","2,310.0","2,290.0","2,303.0","+8.0","5,400","12,426","0","16,900","0.00","-","4.20","2,292.40","2,096.20","2,158.05","2,317.38","2,643.47","14,860","21,064","23,377"
"2019/02/26","2,303.0","2,343.0","2,297.0","2,320.0","+17.0","9,700","22,505","0","16,900","0.00","-","4.20","2,301.20","2,108.60","2,152.35","2,309.63","2,635.84","13,300","20,372","23,253"
"2019/02/27","2,343.0","2,344.0","2,278.0","2,283.0","-37.0","16,600","38,201","0","16,900","0.00","-","4.20","2,297.40","2,119.80","2,146.44","2,302.74","2,627.96","13,160","20,732","23,348"
"2019/02/28","2,280.0","2,297.0","2,231.0","2,238.0","-45.0","15,200","34,355","0","16,900","0.00","-","4.20","2,287.80","2,130.72","2,140.49","2,295.40","2,619.47","13,600","20,740","23,470"
"2019/03/01","2,247.0","2,294.0","2,246.0","2,287.0","+49.0","17,900","40,491","0","9,600","0.00","-","4.10","2,286.20","2,143.92","2,135.23","2,289.25","2,611.26","12,960","20,876","23,632"
"2019/03/04","2,300.0","2,338.0","2,292.0","2,331.0","+44.0","10,900","25,234","0","9,600","0.00","-","4.20","2,291.80","2,160.12","2,130.56","2,283.65","2,606.76","14,060","20,524","23,626"
"2019/03/05","2,331.0","2,436.0","2,330.0","2,435.0","+104.0","33,600","80,084","0","9,400","0.00","-","4.20","2,314.80","2,180.52","2,127.44","2,279.11","2,603.01","18,840","21,016","23,972"
"2019/03/06","2,421.0","2,421.0","2,345.0","2,402.0","-33.0","17,400","41,534","0","9,700","0.00","-","4.40","2,338.60","2,200.28","2,127.87","2,273.95","2,599.52","19,000","21,040","23,257"
"2019/03/07","2,383.0","2,387.0","2,327.0","2,343.0","-59.0","14,200","33,346","0","10,700","0.00","-","4.30","2,359.60","2,219.56","2,127.17","2,268.47","2,595.79","18,800","20,388","23,132"
"2019/03/08","2,312.0","2,326.0","2,256.0","2,260.0","-83.0","15,100","34,458","0","11,100","0.00","-","4.30","2,354.20","2,233.96","2,125.91","2,262.44","2,591.21","18,240","19,692","23,132"
"2019/03/11","2,250.0","2,275.0","2,238.0","2,260.0","0.0","6,500","14,681","0","11,300","0.00","-","4.20","2,340.00","2,246.60","2,124.81","2,256.33","2,586.86","17,360","19,444","23,050"
"2019/03/12","2,309.0","2,373.0","2,275.0","2,364.0","+104.0","17,300","40,683","0","11,500","0.00","-","4.20","2,325.80","2,260.44","2,125.88","2,252.42","2,582.88","14,100","19,280","23,045"
"2019/03/13","2,304.0","2,345.0","2,259.0","2,259.0","-105.0","15,800","36,377","0","12,700","0.00","-","4.30","2,297.20","2,269.12","2,125.64","2,247.73","2,578.30","13,780","19,328","23,074"
"2019/03/14","2,309.0","2,316.0","2,239.0","2,247.0","-12.0","7,500","17,008","0","12,900","0.00","-","4.20","2,278.00","2,277.08","2,125.39","2,243.19","2,573.81","12,440","19,352","22,896"
"2019/03/15","2,233.0","2,275.0","2,233.0","2,263.0","+16.0","8,900","20,078","0","13,100","0.00","-","4.20","2,278.60","2,286.20","2,125.96","2,238.46","2,569.25","11,200","19,100","22,788"
"2019/03/18","2,313.0","2,313.0","2,259.0","2,294.0","+31.0","13,500","30,864","0","12,900","0.00","-","4.20","2,285.40","2,297.68","2,127.61","2,233.40","2,564.77","12,600","18,612","22,670"
"2019/03/19","2,271.0","2,301.0","2,267.0","2,292.0","-2.0","8,600","19,654","0","12,900","0.00","-","4.20","2,271.00","2,298.12","2,130.29","2,228.62","2,560.98","10,860","16,220","22,322"
"2019/03/20","2,280.0","2,289.0","2,238.0","2,247.0","-45.0","13,500","30,404","0","13,900","0.00","-","4.20","2,268.60","2,296.56","2,132.53","2,223.51","2,557.17","10,400","14,908","22,028"
"2019/03/22","2,250.0","2,276.0","2,234.0","2,263.0","+16.0","7,300","16,444","0","13,900","0.00","-","4.20","2,271.80","2,296.20","2,135.11","2,218.04","2,554.01","10,360","14,348","21,596"
"2019/03/25","2,249.0","2,249.0","2,147.0","2,162.0","-101.0","13,300","29,008","0","15,200","0.00","-","4.20","2,251.60","2,291.52","2,136.56","2,212.33","2,549.55","11,240","14,432","21,402"
"2019/03/26","2,163.0","2,226.0","2,163.0","2,224.0","+62.0","21,400","47,083","0","15,200","0.00","-","4.10","2,237.60","2,289.44","2,137.89","2,206.90","2,545.85","12,820","14,340","21,128"
"2019/03/27","2,224.0","2,251.0","2,214.0","2,218.0","-6.0","12,600","28,077","0","15,200","0.00","-","4.10","2,222.80","2,287.12","2,139.29","2,202.89","2,542.49","13,620","14,144","20,993"
"2019/03/28","2,212.0","2,212.0","2,140.0","2,164.0","-54.0","17,500","38,148","0","10,100","0.00","-","4.10","2,206.20","2,281.60","2,138.36","2,198.86","2,538.98","14,420","14,152","20,712"
"2019/03/29","2,180.0","2,200.0","2,145.0","2,151.0","-13.0","6,000","12,971","0","9,200","0.00","-","4.10","2,183.80","2,276.20","2,137.47","2,195.30","2,535.58","14,160","13,872","20,388"
"2019/04/01","2,157.0","2,236.0","2,157.0","2,211.0","+60.0","16,500","36,329","0","8,300","0.00","-","4.10","2,193.60","2,272.84","2,137.97","2,191.02","2,532.32","14,800","13,688","20,204"
"2019/04/02","2,216.0","2,247.0","2,181.0","2,193.0","-18.0","14,100","31,163","0","8,500","0.00","-","4.10","2,187.40","2,268.44","2,139.29","2,185.65","2,529.00","13,340","14,036","19,937"
"2019/04/03","2,196.0","2,248.0","2,183.0","2,221.0","+28.0","10,600","23,521","0","8,500","0.00","-","4.10","2,188.00","2,264.48","2,140.71","2,180.38","2,525.65","12,940","14,072","19,777"
"2019/04/04","2,206.0","2,243.0","2,206.0","2,216.0","-5.0","6,900","15,366","0","7,500","0.00","-","4.10","2,198.40","2,261.80","2,142.35","2,175.28","2,522.49","10,820","13,684","19,738"
"2019/04/05","2,229.0","2,246.0","2,219.0","2,241.0","+25.0","9,600","21,442","0","7,100","0.00","-","4.10","2,216.40","2,261.92","2,145.03","2,170.85","2,519.44","11,540","13,460","19,384"
"2019/04/08","2,290.0","2,324.0","2,242.0","2,291.0","+50.0","36,500","83,554","0","24,500","0.00","-","4.20","2,232.40","2,262.08","2,147.20","2,166.94","2,516.15","15,540","14,204","19,592"
"2019/04/09","2,291.0","2,360.0","2,265.0","2,337.0","+46.0","47,500","110,094","0","17,100","0.00","-","4.20","2,261.20","2,262.32","2,149.85","2,163.50","2,513.61","22,220","15,668","20,000"
"2019/04/10","2,287.0","2,320.0","2,267.0","2,302.0","-35.0","13,900","31,898","0","5,900","0.00","-","4.30","2,277.40","2,257.00","2,152.04","2,159.83","2,510.76","22,880","14,880","20,002"
"2019/04/11","2,291.0","2,360.0","2,291.0","2,297.0","-5.0","23,200","53,822","0","5,900","0.00","-","4.30","2,293.60","2,252.80","2,154.37","2,159.10","2,507.93","26,140","15,112","20,056"
"2019/04/12","2,280.0","2,327.0","2,255.0","2,255.0","-42.0","13,600","31,040","0","6,300","0.00","-","4.30","2,296.40","2,249.28","2,157.32","2,157.70","2,504.48","26,940","15,088","19,997"
"2019/04/15","2,268.0","2,305.0","2,230.0","2,246.0","-9.0","21,700","49,031","0","4,800","0.00","-","4.20","2,287.40","2,248.72","2,159.76","2,156.61","2,501.51","23,980","15,352","19,794"
"2019/04/16","2,257.0","2,300.0","2,253.0","2,259.0","+13.0","12,500","28,373","0","4,200","0.00","-","4.20","2,271.80","2,248.68","2,163.31","2,155.78","2,498.67","16,980","15,592","19,636"
"2019/04/17","2,259.0","2,286.0","2,247.0","2,249.0","-10.0","12,000","27,182","0","4,000","0.00","-","4.20","2,261.20","2,244.08","2,166.37","2,155.43","2,495.59","16,600","15,380","19,277"
"2019/04/18","2,249.0","2,259.0","2,133.0","2,135.0","-114.0","23,600","51,508","0","3,500","0.00","-","4.20","2,228.80","2,239.12","2,169.81","2,154.01","2,491.73","16,680","15,692","18,901"
"2019/04/19","2,147.0","2,220.0","2,146.0","2,156.0","+21.0","15,000","32,504","0","2,900","0.00","-","4.00","2,209.00","2,235.48","2,172.96","2,152.91","2,487.93","16,960","15,992","18,536"
"2019/04/22","2,157.0","2,189.0","2,136.0","2,141.0","-15.0","11,100","23,919","0","2,900","0.00","-","4.10","2,188.00","2,230.60","2,172.97","2,152.12","2,483.99","14,840","16,080","17,496"
"2019/04/23","2,140.0","2,276.0","2,140.0","2,256.0","+115.0","43,800","97,621","0","2,400","0.00","-","4.10","2,187.40","2,229.08","2,174.72","2,152.98","2,480.90","21,100","17,292","17,880"
"2019/04/24","2,261.0","2,296.0","2,222.0","2,267.0","+11.0","31,800","72,106","0","2,000","0.00","-","5.10","2,191.00","2,228.08","2,178.04","2,154.74","2,477.06","25,060","18,220","17,917"
"2019/04/25","2,271.0","2,300.0","2,264.0","2,269.0","+2.0","63,300","143,791","0","2,000","0.00","-","5.10","2,217.80","2,228.96","2,181.20","2,156.64","2,473.10","33,000","20,212","18,496"
"2019/04/26","2,254.0","2,294.0","2,230.0","2,268.0","-1.0","10,100","22,836","0","2,200","0.00","-","5.10","2,240.20","2,229.16","2,184.15","2,158.62","2,468.74","32,020","20,324","18,453"
