2014/04/01,1681.0,1800.0,1681.0,1774.0,1548200
2014/04/02,1711.0,1746.0,1711.0,1727.0,672700
2014/04/03,1727.0,1735.0,1715.0,1723.0,471300
2014/04/04,1716.0,1722.0,1709.0,1716.0,132900
2014/04/07,1703.0,1710.0,1687.0,1687.0,150400
2014/04/08,1686.0,1705.0,1681.0,1686.0,191900
2014/04/09,1680.0,1682.0,1638.0,1638.0,218900
2014/04/10,1638.0,1642.0,1604.0,1604.0,176400
2014/04/11,1555.0,1589.0,1551.0,1566.0,270000
2014/04/14,1555.0,1576.0,1552.0,1569.0,110300
2014/04/15,1566.0,1579.0,1562.0,1576.0,167800
2014/04/16,1576.0,1596.0,1570.0,1582.0,185000
2014/04/17,1589.0,1604.0,1588.0,1596.0,234700
2014/04/18,1609.0,1609.0,1577.0,1583.0,128300
2014/04/21,1583.0,1599.0,1561.0,1561.0,132900
2014/04/22,1562.0,1573.0,1558.0,1558.0,113900
2014/04/23,1558.0,1569.0,1558.0,1565.0,143200
2014/04/24,1559.0,1577.0,1555.0,1562.0,145900
2014/04/25,1565.0,1587.0,1560.0,1581.0,126800
2014/04/28,1581.0,1614.0,1563.0,1610.0,170500
2014/04/30,1619.0,1630.0,1611.0,1620.0,134000
2014/05/01,1630.0,1630.0,1601.0,1604.0,150200
2014/05/02,1600.0,1600.0,1567.0,1570.0,123100
2014/05/07,1569.0,1569.0,1524.0,1524.0,250900
2014/05/08,1526.0,1545.0,1521.0,1538.0,132400
2014/05/09,1534.0,1544.0,1528.0,1532.0,81800
2014/05/12,1532.0,1540.0,1526.0,1527.0,63400
2014/05/13,1537.0,1549.0,1535.0,1537.0,94100
2014/05/14,1536.0,1557.0,1536.0,1554.0,84400
2014/05/15,1540.0,1541.0,1524.0,1526.0,121700
2014/05/16,1523.0,1529.0,1510.0,1515.0,116400
2014/05/19,1516.0,1521.0,1500.0,1500.0,94400
2014/05/20,1503.0,1510.0,1502.0,1502.0,51700
2014/05/21,1501.0,1504.0,1498.0,1501.0,89500
2014/05/22,1505.0,1532.0,1502.0,1525.0,128600
2014/05/23,1525.0,1530.0,1518.0,1521.0,72400
2014/05/26,1528.0,1530.0,1518.0,1528.0,64100
2014/05/27,1529.0,1544.0,1525.0,1528.0,104600
2014/05/28,1530.0,1550.0,1528.0,1548.0,103000
2014/05/29,1548.0,1592.0,1543.0,1585.0,165100
2014/05/30,1600.0,1631.0,1600.0,1606.0,328400
2014/06/02,1630.0,1640.0,1619.0,1636.0,143800
2014/06/03,1644.0,1644.0,1636.0,1638.0,136400
2014/06/04,1634.0,1635.0,1621.0,1628.0,86300
2014/06/05,1625.0,1628.0,1612.0,1619.0,100300
2014/06/06,1625.0,1630.0,1618.0,1625.0,128000
2014/06/09,1625.0,1629.0,1617.0,1620.0,75900
2014/06/10,1616.0,1624.0,1596.0,1602.0,98700
2014/06/11,1602.0,1626.0,1602.0,1624.0,120500
2014/06/12,1623.0,1623.0,1602.0,1607.0,127800
2014/06/13,1591.0,1619.0,1591.0,1616.0,237700
2014/06/16,1601.0,1612.0,1597.0,1604.0,135800
2014/06/17,1609.0,1628.0,1607.0,1628.0,119200
2014/06/18,1629.0,1637.0,1618.0,1627.0,81500
2014/06/19,1630.0,1642.0,1627.0,1635.0,101500
2014/06/20,1628.0,1636.0,1615.0,1617.0,152500
2014/06/23,1629.0,1632.0,1619.0,1630.0,69600
2014/06/24,1630.0,1650.0,1625.0,1646.0,122700
2014/06/25,1633.0,1654.0,1633.0,1643.0,83200
2014/06/26,1655.0,1655.0,1641.0,1644.0,82800
2014/06/27,1644.0,1650.0,1615.0,1645.0,185400
2014/06/30,1645.0,1655.0,1630.0,1655.0,157400
2014/07/01,1652.0,1658.0,1619.0,1622.0,386300
2014/07/02,1630.0,1642.0,1629.0,1637.0,173600
2014/07/03,1637.0,1639.0,1627.0,1637.0,114900
2014/07/04,1630.0,1646.0,1630.0,1639.0,154500
2014/07/07,1632.0,1652.0,1632.0,1642.0,114300
2014/07/08,1638.0,1646.0,1630.0,1635.0,112800
2014/07/09,1626.0,1636.0,1616.0,1631.0,113600
2014/07/10,1630.0,1634.0,1611.0,1611.0,131600
2014/07/11,1608.0,1613.0,1602.0,1603.0,126200
2014/07/14,1605.0,1618.0,1602.0,1613.0,106800
2014/07/15,1612.0,1624.0,1606.0,1618.0,58600
2014/07/16,1615.0,1625.0,1609.0,1610.0,54200
2014/07/17,1610.0,1618.0,1610.0,1615.0,43100
2014/07/18,1605.0,1614.0,1601.0,1613.0,97100
2014/07/22,1615.0,1623.0,1606.0,1610.0,83200
2014/07/23,1620.0,1627.0,1610.0,1611.0,83700
2014/07/24,1610.0,1615.0,1605.0,1609.0,87900
2014/07/25,1605.0,1622.0,1605.0,1622.0,110800
2014/07/28,1625.0,1631.0,1620.0,1625.0,70300
2014/07/29,1630.0,1635.0,1626.0,1635.0,106000
2014/07/30,1630.0,1635.0,1623.0,1635.0,95600
2014/07/31,1635.0,1644.0,1632.0,1632.0,149100
2014/08/01,1628.0,1638.0,1622.0,1622.0,99700
2014/08/04,1622.0,1631.0,1616.0,1620.0,70400
2014/08/05,1650.0,1655.0,1624.0,1626.0,301600
2014/08/06,1622.0,1647.0,1620.0,1635.0,178500
2014/08/07,1635.0,1645.0,1632.0,1644.0,90500
2014/08/08,1630.0,1649.0,1610.0,1612.0,197500
2014/08/11,1632.0,1641.0,1616.0,1639.0,111700
2014/08/12,1638.0,1652.0,1634.0,1641.0,95200
2014/08/13,1631.0,1652.0,1629.0,1646.0,89200
2014/08/14,1647.0,1653.0,1644.0,1646.0,54900
2014/08/15,1645.0,1645.0,1639.0,1643.0,46000
2014/08/18,1639.0,1643.0,1630.0,1633.0,90600
2014/08/19,1642.0,1645.0,1637.0,1639.0,70400
2014/08/20,1635.0,1642.0,1634.0,1637.0,49100
2014/08/21,1638.0,1639.0,1632.0,1637.0,125900
2014/08/22,1644.0,1645.0,1637.0,1640.0,90700
2014/08/25,1643.0,1645.0,1637.0,1640.0,57700
2014/08/26,1644.0,1644.0,1628.0,1629.0,93300
2014/08/27,1635.0,1635.0,1624.0,1631.0,124500
2014/08/28,1625.0,1633.0,1618.0,1632.0,90700
2014/08/29,1621.0,1627.0,1617.0,1620.0,89000
2014/09/01,1621.0,1629.0,1621.0,1626.0,58300
2014/09/02,1628.0,1644.0,1626.0,1639.0,106900
2014/09/03,1639.0,1642.0,1634.0,1635.0,69600
2014/09/04,1634.0,1636.0,1628.0,1628.0,58200
2014/09/05,1639.0,1640.0,1625.0,1629.0,72500
2014/09/08,1630.0,1639.0,1627.0,1630.0,60100
2014/09/09,1630.0,1631.0,1622.0,1625.0,75800
2014/09/10,1620.0,1628.0,1620.0,1626.0,55100
2014/09/11,1627.0,1631.0,1621.0,1622.0,78700
2014/09/12,1620.0,1635.0,1617.0,1625.0,335300
2014/09/16,1620.0,1627.0,1619.0,1619.0,67900
2014/09/17,1619.0,1624.0,1618.0,1622.0,62500
2014/09/18,1625.0,1640.0,1620.0,1636.0,178500
2014/09/19,1636.0,1645.0,1634.0,1644.0,129800
2014/09/22,1641.0,1648.0,1639.0,1643.0,100700
2014/09/24,1634.0,1640.0,1624.0,1625.0,119900
2014/09/25,1631.0,1635.0,1626.0,1635.0,82900
2014/09/26,1627.0,1636.0,1622.0,1631.0,136300
2014/09/29,1633.0,1637.0,1630.0,1635.0,45200
2014/09/30,1631.0,1639.0,1625.0,1634.0,100000
2014/10/01,1635.0,1646.0,1635.0,1638.0,131400
2014/10/02,1629.0,1630.0,1613.0,1613.0,160700
2014/10/03,1610.0,1618.0,1603.0,1608.0,110600
2014/10/06,1623.0,1628.0,1617.0,1620.0,76800
2014/10/07,1612.0,1621.0,1610.0,1611.0,92400
2014/10/08,1605.0,1619.0,1604.0,1609.0,86700
2014/10/09,1615.0,1615.0,1601.0,1601.0,104200
2014/10/10,1591.0,1595.0,1584.0,1590.0,212500
2014/10/14,1575.0,1580.0,1556.0,1560.0,180500
2014/10/15,1570.0,1580.0,1560.0,1578.0,110000
2014/10/16,1551.0,1554.0,1523.0,1526.0,225000
2014/10/17,1527.0,1533.0,1500.0,1502.0,169600
2014/10/20,1538.0,1546.0,1513.0,1521.0,149500
2014/10/21,1520.0,1523.0,1503.0,1507.0,187400
2014/10/22,1528.0,1532.0,1517.0,1532.0,128600
2014/10/23,1526.0,1529.0,1511.0,1515.0,135100
2014/10/24,1530.0,1535.0,1512.0,1520.0,133800
2014/10/27,1532.0,1546.0,1530.0,1544.0,95000
2014/10/28,1541.0,1554.0,1541.0,1546.0,72700
2014/10/29,1554.0,1572.0,1554.0,1563.0,91400
2014/10/30,1572.0,1575.0,1562.0,1563.0,107000
2014/10/31,1573.0,1619.0,1565.0,1603.0,314800
2014/11/04,1632.0,1638.0,1600.0,1601.0,351700
2014/11/05,1601.0,1610.0,1575.0,1600.0,302600
2014/11/06,1600.0,1606.0,1576.0,1581.0,185600
2014/11/07,1586.0,1591.0,1573.0,1589.0,147600
2014/11/10,1581.0,1588.0,1577.0,1580.0,89000
2014/11/11,1585.0,1598.0,1577.0,1597.0,157200
2014/11/12,1600.0,1609.0,1580.0,1580.0,210600
2014/11/13,1582.0,1594.0,1580.0,1594.0,100600
2014/11/14,1604.0,1604.0,1587.0,1603.0,206600
2014/11/17,1600.0,1601.0,1577.0,1588.0,159700
2014/11/18,1593.0,1610.0,1593.0,1608.0,167300
2014/11/19,1605.0,1615.0,1605.0,1607.0,134600
2014/11/20,1612.0,1647.0,1603.0,1636.0,307100
2014/11/21,1643.0,1657.0,1624.0,1652.0,279600
2014/11/25,1655.0,1658.0,1638.0,1647.0,288500
2014/11/26,1652.0,1654.0,1641.0,1650.0,138900
2014/11/27,1650.0,1655.0,1639.0,1649.0,151500
2014/11/28,1651.0,1670.0,1651.0,1669.0,175100
2014/12/01,1669.0,1697.0,1669.0,1695.0,209700
2014/12/02,1695.0,1736.0,1695.0,1736.0,364100
2014/12/03,1742.0,1766.0,1732.0,1761.0,459400
2014/12/04,1765.0,1772.0,1745.0,1764.0,262200
2014/12/05,1751.0,1769.0,1741.0,1764.0,164600
2014/12/08,1765.0,1778.0,1754.0,1773.0,228300
2014/12/09,1752.0,1776.0,1744.0,1768.0,170600
2014/12/10,1751.0,1768.0,1750.0,1764.0,170500
2014/12/11,1753.0,1789.0,1747.0,1786.0,322300
2014/12/12,1783.0,1795.0,1773.0,1774.0,365200
2014/12/15,1767.0,1784.0,1763.0,1779.0,248100
2014/12/16,1757.0,1762.0,1719.0,1736.0,213900
2014/12/17,1722.0,1747.0,1722.0,1735.0,220100
2014/12/18,1757.0,1757.0,1717.0,1721.0,256300
2014/12/19,1724.0,1747.0,1701.0,1712.0,354000
2014/12/22,1711.0,1717.0,1691.0,1714.0,184300
2014/12/24,1772.0,1798.0,1764.0,1786.0,534900
2014/12/25,1783.0,1798.0,1771.0,1793.0,212500
2014/12/26,1797.0,1801.0,1784.0,1797.0,209200
2014/12/29,1800.0,1821.0,1790.0,1813.0,205200
2014/12/30,1817.0,1820.0,1807.0,1808.0,158500
2015/01/05,1800.0,1830.0,1793.0,1820.0,182100
2015/01/06,1792.0,1793.0,1766.0,1766.0,251200
2015/01/07,1760.0,1783.0,1760.0,1767.0,188700
2015/01/08,1780.0,1785.0,1762.0,1766.0,123300
2015/01/09,1776.0,1776.0,1740.0,1743.0,251300
2015/01/13,1738.0,1752.0,1716.0,1752.0,159000
2015/01/14,1731.0,1745.0,1702.0,1705.0,217000
2015/01/15,1701.0,1734.0,1701.0,1729.0,138600
2015/01/16,1708.0,1713.0,1685.0,1713.0,213700
2015/01/19,1728.0,1728.0,1682.0,1704.0,180300
2015/01/20,1710.0,1719.0,1696.0,1715.0,141200
2015/01/21,1716.0,1726.0,1694.0,1720.0,158300
2015/01/22,1697.0,1702.0,1661.0,1693.0,346100
2015/01/23,1702.0,1716.0,1682.0,1704.0,145200
2015/01/26,1704.0,1712.0,1686.0,1706.0,165300
2015/01/27,1713.0,1736.0,1708.0,1732.0,173600
2015/01/28,1724.0,1748.0,1724.0,1741.0,119000
2015/01/29,1733.0,1750.0,1733.0,1739.0,104000
2015/01/30,1750.0,1773.0,1750.0,1759.0,190500
2015/02/02,1769.0,1771.0,1739.0,1759.0,164900
2015/02/03,1780.0,1780.0,1746.0,1758.0,245200
2015/02/04,1772.0,1798.0,1759.0,1765.0,226500
2015/02/05,1760.0,1795.0,1753.0,1784.0,185200
2015/02/06,1785.0,1795.0,1765.0,1770.0,161400
2015/02/09,1794.0,1800.0,1778.0,1792.0,149000
2015/02/10,1786.0,1791.0,1767.0,1775.0,162000
2015/02/12,1793.0,1813.0,1779.0,1784.0,300000
2015/02/13,1784.0,1802.0,1779.0,1797.0,185900
2015/02/16,1800.0,1805.0,1785.0,1786.0,106500
2015/02/17,1788.0,1789.0,1733.0,1742.0,459600
2015/02/18,1751.0,1754.0,1733.0,1740.0,310000
2015/02/19,1746.0,1770.0,1743.0,1755.0,223300
2015/02/20,1768.0,1769.0,1757.0,1765.0,154200
2015/02/23,1765.0,1774.0,1762.0,1772.0,165800
2015/02/24,1770.0,1775.0,1760.0,1762.0,215300
2015/02/25,1764.0,1780.0,1756.0,1778.0,183300
2015/02/26,1780.0,1788.0,1768.0,1786.0,186800
2015/02/27,1790.0,1798.0,1771.0,1776.0,220800
2015/03/02,1791.0,1795.0,1776.0,1779.0,222000
2015/03/03,1782.0,1792.0,1778.0,1788.0,142300
2015/03/04,1784.0,1800.0,1777.0,1786.0,185900
2015/03/05,1780.0,1787.0,1771.0,1772.0,234800
2015/03/06,1775.0,1792.0,1775.0,1777.0,198900
2015/03/09,1779.0,1798.0,1771.0,1787.0,182800
2015/03/10,1790.0,1793.0,1778.0,1779.0,201800
2015/03/11,1781.0,1785.0,1776.0,1776.0,186800
2015/03/12,1783.0,1794.0,1777.0,1778.0,184500
2015/03/13,1778.0,1781.0,1767.0,1767.0,580100
2015/03/16,1767.0,1789.0,1767.0,1782.0,202100
2015/03/17,1790.0,1792.0,1780.0,1781.0,151500
2015/03/18,1781.0,1786.0,1770.0,1784.0,200700
2015/03/19,1783.0,1783.0,1752.0,1753.0,460900
2015/03/20,1762.0,1762.0,1750.0,1760.0,247000
2015/03/23,1768.0,1775.0,1761.0,1768.0,207200
2015/03/24,1769.0,1778.0,1760.0,1769.0,324000
2015/03/25,1775.0,1785.0,1771.0,1782.0,306600
2015/03/26,1780.0,1790.0,1772.0,1779.0,585500
2015/03/27,1740.0,1751.0,1702.0,1715.0,540300
2015/03/30,1718.0,1725.0,1694.0,1702.0,297500
2015/03/31,1705.0,1713.0,1694.0,1694.0,256400
2015/04/01,1693.0,1705.0,1670.0,1670.0,273600
2015/04/02,1678.0,1694.0,1678.0,1685.0,185200
2015/04/03,1685.0,1697.0,1676.0,1697.0,188200
2015/04/06,1698.0,1705.0,1682.0,1685.0,124100
2015/04/07,1694.0,1696.0,1685.0,1693.0,163200
2015/04/08,1693.0,1706.0,1691.0,1694.0,147800
2015/04/09,1701.0,1709.0,1694.0,1707.0,179400
2015/04/10,1707.0,1709.0,1692.0,1704.0,244900
2015/04/13,1710.0,1710.0,1682.0,1683.0,231100
2015/04/14,1684.0,1704.0,1684.0,1696.0,169100
2015/04/15,1700.0,1700.0,1680.0,1680.0,182300
2015/04/16,1682.0,1688.0,1673.0,1682.0,217600
2015/04/17,1689.0,1698.0,1682.0,1685.0,179800
2015/04/20,1687.0,1688.0,1663.0,1666.0,321400
2015/04/21,1666.0,1672.0,1657.0,1659.0,408600
2015/04/22,1659.0,1673.0,1655.0,1671.0,288500
2015/04/23,1672.0,1683.0,1672.0,1681.0,185100
2015/04/24,1680.0,1685.0,1673.0,1681.0,114800
2015/04/27,1684.0,1689.0,1677.0,1678.0,113400
2015/04/28,1680.0,1687.0,1676.0,1680.0,315000
2015/04/30,1678.0,1680.0,1661.0,1661.0,338600
2015/05/01,1662.0,1666.0,1651.0,1652.0,282600
2015/05/07,1650.0,1653.0,1632.0,1636.0,338800
2015/05/08,1685.0,1770.0,1684.0,1761.0,1159700
2015/05/11,1761.0,1777.0,1748.0,1773.0,411400
2015/05/12,1766.0,1794.0,1757.0,1794.0,483900
2015/05/13,1790.0,1803.0,1776.0,1792.0,354300
2015/05/14,1775.0,1815.0,1772.0,1810.0,373600
2015/05/15,1807.0,1825.0,1790.0,1806.0,304200
2015/05/18,1806.0,1839.0,1794.0,1837.0,334800
2015/05/19,1840.0,1888.0,1830.0,1882.0,576700
2015/05/20,1885.0,1893.0,1867.0,1889.0,276300
2015/05/21,1886.0,1895.0,1876.0,1883.0,281600
2015/05/22,1883.0,1910.0,1865.0,1905.0,408000
2015/05/25,1908.0,1954.0,1905.0,1937.0,330000
2015/05/26,1945.0,1959.0,1921.0,1929.0,246000
2015/05/27,1910.0,1925.0,1899.0,1909.0,295400
2015/05/28,1908.0,1930.0,1855.0,1890.0,545500
2015/05/29,1889.0,1922.0,1872.0,1878.0,412800
2015/06/01,1878.0,1899.0,1868.0,1882.0,142700
2015/06/02,1872.0,1902.0,1871.0,1896.0,237500
2015/06/03,1880.0,1884.0,1845.0,1854.0,280800
2015/06/04,1850.0,1868.0,1802.0,1826.0,396700
2015/06/05,1830.0,1866.0,1827.0,1859.0,325200
2015/06/08,1889.0,1890.0,1865.0,1885.0,272000
2015/06/09,1882.0,1914.0,1879.0,1908.0,370900
2015/06/10,1908.0,1968.0,1901.0,1954.0,540700
2015/06/11,1950.0,1960.0,1926.0,1958.0,478000
2015/06/12,1968.0,1990.0,1964.0,1981.0,479300
2015/06/15,1982.0,1998.0,1974.0,1980.0,205900
2015/06/16,1980.0,1990.0,1966.0,1982.0,181500
2015/06/17,1982.0,2000.0,1961.0,1966.0,260300
2015/06/18,1969.0,1997.0,1966.0,1985.0,233400
2015/06/19,1984.0,2014.0,1984.0,1998.0,320700
2015/06/22,1998.0,2012.0,1995.0,2008.0,142500
2015/06/23,2010.0,2013.0,1988.0,2002.0,163300
2015/06/24,1992.0,1994.0,1966.0,1969.0,233700
2015/06/25,1965.0,1981.0,1962.0,1964.0,138000
2015/06/26,1975.0,1999.0,1975.0,1993.0,194400
2015/06/29,1961.0,1980.0,1946.0,1948.0,264200
2015/06/30,1946.0,1995.0,1945.0,1979.0,238500
2015/07/01,1979.0,1993.0,1956.0,1979.0,165900
2015/07/02,1990.0,2010.0,1989.0,2003.0,208000
2015/07/03,2009.0,2024.0,1986.0,2020.0,313500
2015/07/06,2000.0,2044.0,2000.0,2039.0,343500
2015/07/07,2055.0,2145.0,2055.0,2129.0,518900
2015/07/08,2119.0,2138.0,2067.0,2067.0,369000
2015/07/09,2000.0,2069.0,1988.0,2068.0,355800
2015/07/10,2067.0,2114.0,2044.0,2076.0,303500
2015/07/13,2113.0,2170.0,2108.0,2153.0,276400
2015/07/14,2187.0,2218.0,2150.0,2155.0,261900
2015/07/15,2159.0,2180.0,2154.0,2178.0,166200
2015/07/16,2181.0,2181.0,2151.0,2161.0,163900
2015/07/17,2161.0,2179.0,2154.0,2179.0,150100
2015/07/21,2184.0,2187.0,2157.0,2176.0,132600
2015/07/22,2160.0,2183.0,2160.0,2169.0,118000
2015/07/23,2169.0,2172.0,2152.0,2168.0,96600
2015/07/24,2118.0,2142.0,2051.0,2091.0,452500
2015/07/27,2092.0,2099.0,2016.0,2026.0,331100
2015/07/28,2015.0,2090.0,2007.0,2079.0,196200
2015/07/29,2073.0,2098.0,2042.0,2058.0,192200
2015/07/30,2042.0,2050.0,2015.0,2033.0,190900
2015/07/31,2035.0,2068.0,2031.0,2037.0,141500
2015/08/03,2031.0,2072.0,2020.0,2066.0,160800
2015/08/04,2000.0,2005.0,1908.0,1913.0,655400
2015/08/05,1910.0,1947.0,1877.0,1907.0,425200
2015/08/06,1942.0,1967.0,1928.0,1940.0,306500
2015/08/07,1931.0,1955.0,1921.0,1947.0,132000
2015/08/10,1941.0,1964.0,1925.0,1944.0,125300
2015/08/11,1945.0,1950.0,1927.0,1938.0,149300
2015/08/12,1931.0,1931.0,1911.0,1914.0,159800
2015/08/13,1910.0,1933.0,1900.0,1928.0,199900
2015/08/14,1914.0,1941.0,1905.0,1924.0,154600
2015/08/17,1930.0,1946.0,1914.0,1926.0,97300
2015/08/18,1930.0,1935.0,1907.0,1911.0,107800
2015/08/19,1909.0,1917.0,1891.0,1909.0,149900
2015/08/20,1907.0,1938.0,1905.0,1911.0,159400
2015/08/21,1891.0,1908.0,1870.0,1872.0,215600
2015/08/24,1845.0,1861.0,1795.0,1795.0,280100
2015/08/25,1745.0,1813.0,1701.0,1734.0,292000
2015/08/26,1748.0,1766.0,1721.0,1740.0,289000
2015/08/27,1765.0,1769.0,1739.0,1754.0,292200
2015/08/28,1800.0,1838.0,1787.0,1834.0,151000
2015/08/31,1839.0,1848.0,1812.0,1822.0,154200
2015/09/01,1801.0,1802.0,1737.0,1737.0,233200
2015/09/02,1710.0,1740.0,1696.0,1701.0,240700
2015/09/03,1735.0,1747.0,1701.0,1702.0,178500
2015/09/04,1708.0,1715.0,1678.0,1689.0,181600
2015/09/07,1689.0,1742.0,1661.0,1742.0,339000
2015/09/08,1742.0,1742.0,1705.0,1707.0,176100
2015/09/09,1746.0,1766.0,1707.0,1740.0,223500
2015/09/10,1708.0,1708.0,1681.0,1691.0,211300
2015/09/11,1682.0,1734.0,1678.0,1728.0,379500
2015/09/14,1736.0,1737.0,1709.0,1710.0,97200
2015/09/15,1717.0,1743.0,1716.0,1723.0,143200
2015/09/16,1743.0,1745.0,1710.0,1720.0,102500
2015/09/17,1740.0,1750.0,1727.0,1729.0,100400
2015/09/18,1724.0,1724.0,1694.0,1696.0,149200
2015/09/24,1680.0,1706.0,1675.0,1675.0,136100
2015/09/25,1680.0,1733.0,1680.0,1733.0,221000
2015/09/28,1750.0,1752.0,1709.0,1715.0,136600
2015/09/29,1701.0,1705.0,1667.0,1672.0,199300
2015/09/30,1701.0,1719.0,1695.0,1717.0,247700
2015/10/01,1720.0,1733.0,1703.0,1718.0,111200
2015/10/02,1701.0,1710.0,1642.0,1649.0,597400
2015/10/05,1662.0,1674.0,1656.0,1659.0,194300
2015/10/06,1682.0,1686.0,1663.0,1684.0,212300
2015/10/07,1687.0,1733.0,1683.0,1725.0,271200
2015/10/08,1720.0,1721.0,1700.0,1712.0,134300
2015/10/09,1723.0,1733.0,1703.0,1732.0,211900
2015/10/13,1730.0,1758.0,1729.0,1740.0,221500
2015/10/14,1742.0,1749.0,1717.0,1721.0,177900
2015/10/15,1712.0,1721.0,1703.0,1717.0,89600
2015/10/16,1729.0,1731.0,1713.0,1715.0,123600
2015/10/19,1715.0,1720.0,1700.0,1701.0,150800
2015/10/20,1760.0,1761.0,1727.0,1751.0,273500
2015/10/21,1751.0,1792.0,1746.0,1791.0,255800
2015/10/22,1792.0,1809.0,1787.0,1796.0,189300
2015/10/23,1820.0,1828.0,1803.0,1822.0,191600
2015/10/26,1835.0,1841.0,1812.0,1823.0,128500
2015/10/27,1830.0,1842.0,1813.0,1815.0,127200
2015/10/28,1822.0,1827.0,1802.0,1807.0,126000
2015/10/29,1808.0,1812.0,1788.0,1812.0,180100
2015/10/30,1796.0,1824.0,1795.0,1820.0,144700
2015/11/02,1815.0,1819.0,1781.0,1818.0,154100
2015/11/04,1820.0,1909.0,1798.0,1902.0,471500
2015/11/05,1903.0,1947.0,1903.0,1910.0,260300
2015/11/06,1910.0,1954.0,1893.0,1950.0,235600
2015/11/09,1952.0,1959.0,1930.0,1958.0,216600
2015/11/10,1946.0,1973.0,1941.0,1966.0,201800
2015/11/11,1967.0,1979.0,1957.0,1973.0,113500
2015/11/12,1964.0,1975.0,1958.0,1961.0,101600
2015/11/13,1951.0,1974.0,1937.0,1970.0,141700
2015/11/16,1946.0,1955.0,1933.0,1946.0,120800
2015/11/17,1964.0,1994.0,1948.0,1986.0,269200
2015/11/18,1995.0,1998.0,1963.0,1964.0,166500
2015/11/19,1990.0,1991.0,1967.0,1974.0,130800
2015/11/20,1960.0,1989.0,1953.0,1989.0,109500
2015/11/24,1980.0,1983.0,1964.0,1978.0,127100
2015/11/25,1968.0,1978.0,1963.0,1970.0,92700
2015/11/26,1978.0,1985.0,1966.0,1982.0,118300
2015/11/27,1982.0,1994.0,1957.0,1982.0,110400
2015/11/30,1970.0,1972.0,1951.0,1959.0,138700
2015/12/01,1971.0,1973.0,1943.0,1951.0,157800
2015/12/02,1956.0,1961.0,1936.0,1943.0,105500
2015/12/03,1950.0,1950.0,1925.0,1941.0,120100
2015/12/04,1928.0,1928.0,1902.0,1920.0,194300
2015/12/07,1941.0,1969.0,1931.0,1937.0,166500
2015/12/08,1937.0,1956.0,1933.0,1953.0,157300
2015/12/09,1934.0,1934.0,1901.0,1914.0,265000
2015/12/10,1900.0,1940.0,1890.0,1935.0,187500
2015/12/11,1895.0,1918.0,1888.0,1891.0,435400
2015/12/14,1871.0,1896.0,1854.0,1890.0,257400
2015/12/15,1912.0,1930.0,1888.0,1894.0,166700
2015/12/16,1913.0,1935.0,1898.0,1934.0,175500
2015/12/17,1948.0,2009.0,1940.0,2003.0,382400
2015/12/18,2000.0,2038.0,1989.0,1999.0,411800
2015/12/21,1999.0,1999.0,1943.0,1981.0,126600
2015/12/22,1985.0,2013.0,1970.0,2006.0,151000
2015/12/24,2035.0,2129.0,2035.0,2081.0,510000
2015/12/25,2085.0,2086.0,2036.0,2066.0,269100
2015/12/28,2090.0,2143.0,2088.0,2138.0,290100
2015/12/29,2138.0,2143.0,2104.0,2129.0,241500
2015/12/30,2107.0,2142.0,2107.0,2137.0,171800
2016/01/04,2124.0,2138.0,2030.0,2036.0,459200
2016/01/05,2050.0,2069.0,2041.0,2046.0,164300
2016/01/06,2053.0,2085.0,2030.0,2050.0,157500
2016/01/07,2050.0,2066.0,2017.0,2023.0,251600
2016/01/08,2000.0,2054.0,1996.0,2032.0,319800
2016/01/12,2003.0,2021.0,1971.0,1974.0,211800
2016/01/13,1986.0,2021.0,1981.0,2020.0,187500
2016/01/14,1977.0,1987.0,1942.0,1973.0,209400
2016/01/15,1998.0,2008.0,1953.0,1960.0,132600
2016/01/18,1930.0,1958.0,1917.0,1954.0,116900
2016/01/19,1935.0,1975.0,1934.0,1963.0,253200
2016/01/20,1964.0,1981.0,1911.0,1918.0,203700
2016/01/21,1937.0,2039.0,1937.0,1976.0,561300
2016/01/22,2011.0,2043.0,1986.0,2039.0,247800
2016/01/25,2076.0,2191.0,2075.0,2178.0,673400
2016/01/26,2155.0,2209.0,2135.0,2191.0,379000
2016/01/27,2218.0,2239.0,2188.0,2207.0,245500
2016/01/28,2190.0,2240.0,2171.0,2226.0,320300
2016/01/29,2238.0,2288.0,2206.0,2278.0,389100
2016/02/01,2288.0,2290.0,2240.0,2269.0,309700
2016/02/02,2270.0,2345.0,2258.0,2335.0,448100
2016/02/03,2289.0,2322.0,2271.0,2312.0,259300
2016/02/04,2302.0,2307.0,2238.0,2249.0,196800
2016/02/05,2204.0,2255.0,2190.0,2229.0,291800
2016/02/08,2219.0,2296.0,2200.0,2279.0,227800
2016/02/09,2250.0,2280.0,2222.0,2241.0,327200
2016/02/10,2230.0,2233.0,2147.0,2181.0,395200
2016/02/12,2115.0,2154.0,2080.0,2116.0,314100
2016/02/15,2190.0,2227.0,2152.0,2196.0,386400
2016/02/16,2172.0,2193.0,2132.0,2133.0,303000
2016/02/17,2110.0,2135.0,2073.0,2116.0,322300
2016/02/18,2133.0,2173.0,2130.0,2137.0,188400
2016/02/19,2132.0,2161.0,2117.0,2151.0,246200
2016/02/22,2150.0,2269.0,2150.0,2236.0,382400
2016/02/23,2255.0,2260.0,2090.0,2126.0,565700
2016/02/24,2122.0,2175.0,2120.0,2155.0,332000
2016/02/25,2147.0,2245.0,2147.0,2228.0,365100
2016/02/26,2249.0,2286.0,2248.0,2252.0,264300
2016/02/29,2287.0,2310.0,2247.0,2250.0,452700
2016/03/01,2272.0,2307.0,2257.0,2302.0,321100
2016/03/02,2305.0,2305.0,2252.0,2293.0,250400
2016/03/03,2264.0,2291.0,2264.0,2291.0,115800
2016/03/04,2275.0,2283.0,2255.0,2281.0,228300
2016/03/07,2280.0,2297.0,2261.0,2280.0,184100
2016/03/08,2275.0,2276.0,2230.0,2236.0,227900
2016/03/09,2230.0,2239.0,2210.0,2221.0,201000
2016/03/10,2238.0,2274.0,2229.0,2267.0,197300
2016/03/11,2287.0,2292.0,2253.0,2278.0,428700
2016/03/14,2293.0,2297.0,2275.0,2285.0,211600
2016/03/15,2285.0,2294.0,2226.0,2230.0,304300
2016/03/16,2231.0,2238.0,2203.0,2224.0,289600
2016/03/17,2229.0,2248.0,2220.0,2232.0,267800
2016/03/18,2231.0,2238.0,2190.0,2197.0,271500
2016/03/22,2205.0,2215.0,2176.0,2198.0,233000
2016/03/23,2197.0,2224.0,2183.0,2211.0,215700
2016/03/24,2215.0,2233.0,2204.0,2212.0,307000
2016/03/25,2219.0,2244.0,2206.0,2218.0,324800
2016/03/28,2226.0,2242.0,2212.0,2242.0,518900
2016/03/29,2209.0,2218.0,2161.0,2172.0,472400
2016/03/30,2156.0,2182.0,2142.0,2152.0,273500
2016/03/31,2153.0,2162.0,2098.0,2099.0,249300
2016/04/01,2080.0,2080.0,2026.0,2029.0,438000
2016/04/04,2042.0,2144.0,2034.0,2140.0,434900
2016/04/05,2135.0,2194.0,2127.0,2165.0,504500
2016/04/06,2162.0,2214.0,2135.0,2174.0,394600
2016/04/07,2181.0,2214.0,2166.0,2211.0,348600
2016/04/08,2199.0,2302.0,2159.0,2283.0,657300
2016/04/11,2290.0,2330.0,2285.0,2321.0,459800
2016/04/12,2325.0,2328.0,2279.0,2298.0,266200
2016/04/13,2323.0,2364.0,2310.0,2339.0,405200
2016/04/14,2350.0,2375.0,2331.0,2371.0,312000
2016/04/15,2364.0,2402.0,2346.0,2395.0,270000
2016/04/18,2367.0,2385.0,2323.0,2356.0,177300
2016/04/19,2395.0,2411.0,2387.0,2401.0,217900
2016/04/20,2401.0,2450.0,2383.0,2448.0,392300
2016/04/21,2494.0,2499.0,2379.0,2446.0,439800
2016/04/22,2434.0,2434.0,2389.0,2418.0,442200
2016/04/25,2405.0,2449.0,2382.0,2432.0,374700
2016/04/26,2420.0,2471.0,2419.0,2465.0,221900
2016/04/27,2482.0,2517.0,2452.0,2464.0,276200
2016/04/28,2475.0,2507.0,2431.0,2434.0,302900
2016/05/02,2367.0,2380.0,2345.0,2362.0,302400
2016/05/06,2370.0,2429.0,2357.0,2423.0,345800
2016/05/09,2465.0,2527.0,2454.0,2521.0,425800
2016/05/10,2510.0,2589.0,2488.0,2560.0,699600
2016/05/11,2575.0,2579.0,2504.0,2521.0,345000
2016/05/12,2500.0,2523.0,2467.0,2514.0,312000
2016/05/13,2523.0,2526.0,2478.0,2498.0,272100
2016/05/16,2470.0,2518.0,2470.0,2499.0,316200
2016/05/17,2517.0,2532.0,2480.0,2532.0,203500
2016/05/18,2512.0,2529.0,2487.0,2507.0,273100
2016/05/19,2494.0,2505.0,2420.0,2500.0,212500
2016/05/20,2454.0,2506.0,2454.0,2493.0,155700
2016/05/23,2482.0,2520.0,2466.0,2510.0,224200
2016/05/24,2495.0,2539.0,2495.0,2513.0,199400
2016/05/25,2545.0,2564.0,2521.0,2527.0,163300
2016/05/26,2535.0,2540.0,2516.0,2520.0,109000
2016/05/27,2522.0,2563.0,2515.0,2538.0,138200
2016/05/30,2558.0,2595.0,2557.0,2589.0,221600
2016/05/31,2590.0,2600.0,2561.0,2582.0,220800
2016/06/01,2557.0,2561.0,2522.0,2528.0,209700
2016/06/02,2600.0,2664.0,2581.0,2659.0,774900
2016/06/03,2662.0,2787.0,2660.0,2780.0,734800
2016/06/06,2765.0,2859.0,2765.0,2836.0,567400
2016/06/07,2839.0,2887.0,2838.0,2878.0,530300
2016/06/08,2879.0,2926.0,2861.0,2924.0,468000
2016/06/09,2926.0,2963.0,2919.0,2949.0,406200
2016/06/10,2965.0,2965.0,2880.0,2894.0,489600
2016/06/13,2854.0,2874.0,2814.0,2814.0,356500
2016/06/14,2800.0,2847.0,2773.0,2790.0,310400
2016/06/15,2762.0,2810.0,2744.0,2793.0,344000
2016/06/16,2743.0,2780.0,2695.0,2702.0,349500
2016/06/17,2736.0,2779.0,2723.0,2731.0,479400
2016/06/20,2781.0,2815.0,2762.0,2789.0,464000
2016/06/21,2798.0,2840.0,2795.0,2833.0,314900
2016/06/22,2816.0,2832.0,2780.0,2804.0,232200
2016/06/23,2823.0,2869.0,2820.0,2835.0,240200
2016/06/24,2845.0,2848.0,2651.0,2717.0,383700
2016/06/27,2746.0,2909.0,2728.0,2878.0,505200
2016/06/28,2822.0,2939.0,2822.0,2911.0,310300
2016/06/29,2938.0,2940.0,2800.0,2807.0,523600
2016/06/30,2836.0,2844.0,2772.0,2786.0,309000
2016/07/01,2800.0,2899.0,2796.0,2889.0,359100
2016/07/04,2860.0,2893.0,2803.0,2811.0,418600
2016/07/05,2814.0,2818.0,2700.0,2713.0,511900
2016/07/06,2666.0,2783.0,2662.0,2778.0,416000
2016/07/07,2780.0,2797.0,2731.0,2742.0,239800
2016/07/08,2750.0,2764.0,2688.0,2698.0,189300
2016/07/11,2748.0,2775.0,2711.0,2718.0,210600
2016/07/12,2738.0,2753.0,2691.0,2692.0,239300
2016/07/13,2711.0,2714.0,2655.0,2684.0,321700
2016/07/14,2691.0,2749.0,2691.0,2714.0,217300
2016/07/15,2720.0,2734.0,2618.0,2622.0,312800
2016/07/19,2585.0,2674.0,2562.0,2669.0,292800
2016/07/20,2674.0,2743.0,2671.0,2731.0,351800
2016/07/21,2768.0,2785.0,2704.0,2710.0,251800
2016/07/22,2685.0,2718.0,2652.0,2668.0,213100
2016/07/25,2651.0,2669.0,2594.0,2620.0,287600
2016/07/26,2590.0,2638.0,2584.0,2623.0,182100
2016/07/27,2649.0,2657.0,2589.0,2594.0,220600
2016/07/28,2590.0,2607.0,2573.0,2596.0,121900
2016/07/29,2578.0,2614.0,2551.0,2606.0,221000
2016/08/01,2599.0,2617.0,2577.0,2604.0,147100
2016/08/02,2577.0,2619.0,2535.0,2603.0,159400
2016/08/03,2567.0,2581.0,2509.0,2515.0,364400
2016/08/04,2694.0,2712.0,2554.0,2578.0,828100
2016/08/05,2545.0,2592.0,2453.0,2485.0,403300
2016/08/08,2519.0,2577.0,2460.0,2490.0,403800
2016/08/09,2535.0,2595.0,2501.0,2578.0,357700
2016/08/10,2567.0,2634.0,2552.0,2615.0,314400
2016/08/12,2650.0,2670.0,2611.0,2655.0,301600
2016/08/15,2660.0,2679.0,2649.0,2657.0,149100
2016/08/16,2648.0,2648.0,2588.0,2596.0,163100
2016/08/17,2563.0,2586.0,2536.0,2556.0,160500
2016/08/18,2534.0,2557.0,2493.0,2493.0,219600
2016/08/19,2493.0,2496.0,2431.0,2454.0,190900
2016/08/22,2435.0,2463.0,2413.0,2432.0,180600
2016/08/23,2428.0,2517.0,2425.0,2486.0,307100
2016/08/24,2484.0,2509.0,2460.0,2494.0,158600
2016/08/25,2499.0,2508.0,2475.0,2480.0,209700
2016/08/26,2469.0,2469.0,2430.0,2445.0,216800
2016/08/29,2500.0,2507.0,2436.0,2463.0,365900
2016/08/30,2463.0,2472.0,2414.0,2419.0,142200
2016/08/31,2425.0,2430.0,2369.0,2402.0,197800
2016/09/01,2396.0,2429.0,2378.0,2417.0,172100
2016/09/02,2417.0,2448.0,2408.0,2438.0,340300
2016/09/05,2488.0,2515.0,2471.0,2509.0,345800
2016/09/06,2525.0,2575.0,2522.0,2572.0,297000
2016/09/07,2572.0,2588.0,2545.0,2551.0,203500
2016/09/08,2553.0,2570.0,2542.0,2552.0,172800
2016/09/09,2580.0,2585.0,2523.0,2532.0,266500
2016/09/12,2506.0,2518.0,2464.0,2472.0,243500
2016/09/13,2503.0,2526.0,2490.0,2517.0,173700
2016/09/14,2515.0,2544.0,2503.0,2515.0,216300
2016/09/15,2495.0,2506.0,2475.0,2480.0,204900
2016/09/16,2480.0,2487.0,2451.0,2461.0,175500
2016/09/20,2443.0,2494.0,2432.0,2478.0,175000
2016/09/21,2480.0,2522.0,2476.0,2522.0,194200
2016/09/23,2548.0,2571.0,2526.0,2568.0,192800
2016/09/26,2569.0,2594.0,2556.0,2581.0,156100
2016/09/27,2585.0,2687.0,2581.0,2686.0,394200
2016/09/28,2700.0,2829.0,2691.0,2800.0,616300
2016/09/29,2773.0,2774.0,2725.0,2765.0,322800
2016/09/30,2760.0,2785.0,2726.0,2737.0,159500
2016/10/03,2760.0,2797.0,2733.0,2785.0,205100
2016/10/04,2785.0,2805.0,2760.0,2805.0,205200
2016/10/05,2805.0,2810.0,2729.0,2737.0,282100
2016/10/06,2738.0,2749.0,2719.0,2727.0,281700
2016/10/07,2717.0,2748.0,2708.0,2713.0,262700
2016/10/11,2710.0,2720.0,2691.0,2706.0,181400
2016/10/12,2707.0,2734.0,2692.0,2712.0,209200
2016/10/13,2722.0,2728.0,2695.0,2705.0,163300
2016/10/14,2695.0,2733.0,2678.0,2690.0,211500
2016/10/17,2690.0,2705.0,2659.0,2676.0,121300
2016/10/18,2657.0,2709.0,2657.0,2704.0,144200
2016/10/19,2839.0,2885.0,2828.0,2841.0,968800
2016/10/20,2850.0,2919.0,2845.0,2899.0,610800
2016/10/21,2899.0,2908.0,2848.0,2849.0,303600
2016/10/24,2850.0,2871.0,2840.0,2862.0,256800
2016/10/25,2863.0,2871.0,2849.0,2862.0,194100
2016/10/26,2864.0,2905.0,2864.0,2902.0,203700
2016/10/27,2900.0,2934.0,2896.0,2909.0,171100
2016/10/28,2920.0,2922.0,2873.0,2902.0,394300
2016/10/31,2904.0,2932.0,2889.0,2913.0,218400
2016/11/01,2902.0,2954.0,2880.0,2944.0,316300
2016/11/02,2950.0,2950.0,2911.0,2941.0,318400
2016/11/04,2924.0,2982.0,2910.0,2958.0,426900
2016/11/07,2897.0,2898.0,2812.0,2873.0,538700
2016/11/08,2923.0,2999.0,2894.0,2895.0,650200
2016/11/09,2920.0,2964.0,2793.0,2814.0,503200
2016/11/10,2864.0,2898.0,2820.0,2884.0,378200
2016/11/11,2888.0,2888.0,2788.0,2812.0,455100
2016/11/14,2792.0,2837.0,2789.0,2819.0,209700
2016/11/15,2828.0,2837.0,2790.0,2823.0,214800
2016/11/16,2835.0,2844.0,2799.0,2802.0,247300
2016/11/17,2812.0,2846.0,2810.0,2836.0,253100
2016/11/18,2848.0,2848.0,2811.0,2815.0,237400
2016/11/21,2815.0,2831.0,2804.0,2808.0,279900
2016/11/22,2817.0,2833.0,2797.0,2805.0,251000
2016/11/24,2826.0,2826.0,2801.0,2807.0,198800
2016/11/25,2825.0,2825.0,2776.0,2803.0,243000
2016/11/28,2808.0,2836.0,2800.0,2831.0,276200
2016/11/29,2830.0,2868.0,2808.0,2864.0,334500
2016/11/30,2865.0,2917.0,2835.0,2910.0,447400
2016/12/01,2915.0,2935.0,2887.0,2892.0,272000
2016/12/02,2877.0,2880.0,2836.0,2844.0,388400
2016/12/05,2840.0,2863.0,2817.0,2817.0,211900
2016/12/06,2830.0,2832.0,2798.0,2820.0,324600
2016/12/07,2817.0,2819.0,2788.0,2811.0,222800
2016/12/08,2831.0,2892.0,2825.0,2890.0,296600
2016/12/09,2890.0,2891.0,2825.0,2858.0,436900
2016/12/12,2879.0,2930.0,2847.0,2930.0,354800
2016/12/13,2948.0,3060.0,2941.0,3055.0,643700
2016/12/14,3070.0,3080.0,3030.0,3055.0,327300
2016/12/15,3040.0,3040.0,2994.0,3015.0,292000
2016/12/16,3040.0,3085.0,3010.0,3070.0,698200
2016/12/19,3045.0,3060.0,3015.0,3055.0,231800
2016/12/20,3050.0,3110.0,3040.0,3095.0,249000
2016/12/21,3090.0,3090.0,3045.0,3045.0,205000
2016/12/22,3045.0,3075.0,3040.0,3055.0,141100
2016/12/26,3070.0,3130.0,3055.0,3115.0,233600
2016/12/27,3150.0,3180.0,3110.0,3125.0,234100
2016/12/28,3120.0,3175.0,3110.0,3170.0,165900
2016/12/29,3155.0,3170.0,3125.0,3140.0,160600
2016/12/30,3135.0,3175.0,3115.0,3155.0,220900
2017/01/04,3150.0,3210.0,3140.0,3210.0,270800
2017/01/05,3225.0,3265.0,3195.0,3250.0,332900
2017/01/06,3265.0,3290.0,3250.0,3270.0,155700
2017/01/10,3230.0,3260.0,3220.0,3235.0,225000
2017/01/11,3210.0,3245.0,3165.0,3185.0,275000
2017/01/12,3185.0,3200.0,3160.0,3180.0,177000
2017/01/13,3180.0,3240.0,3180.0,3230.0,233000
2017/01/16,3230.0,3270.0,3225.0,3240.0,221500
2017/01/17,3230.0,3235.0,3170.0,3170.0,152200
2017/01/18,3220.0,3240.0,3195.0,3235.0,238900
2017/01/19,3235.0,3260.0,3225.0,3245.0,178300
2017/01/20,3300.0,3315.0,3185.0,3190.0,453100
2017/01/23,3170.0,3185.0,3125.0,3165.0,257500
2017/01/24,3135.0,3160.0,3125.0,3130.0,206600
2017/01/25,3150.0,3170.0,3115.0,3135.0,233700
2017/01/26,3145.0,3170.0,3120.0,3165.0,287000
2017/01/27,3165.0,3180.0,3150.0,3160.0,207000
2017/01/30,3155.0,3175.0,3145.0,3155.0,199300
2017/01/31,3130.0,3150.0,3115.0,3120.0,240900
2017/02/01,3115.0,3145.0,3110.0,3125.0,226300
2017/02/02,3125.0,3150.0,3110.0,3110.0,183400
2017/02/03,3135.0,3175.0,3125.0,3135.0,292800
2017/02/06,3180.0,3195.0,3145.0,3195.0,261700
2017/02/07,3260.0,3415.0,3235.0,3380.0,1046400
2017/02/08,3400.0,3400.0,3310.0,3335.0,289700
2017/02/09,3300.0,3390.0,3255.0,3390.0,513900
2017/02/10,3400.0,3400.0,3355.0,3385.0,419100
2017/02/13,3395.0,3400.0,3350.0,3350.0,267500
2017/02/14,3365.0,3365.0,3270.0,3275.0,372600
2017/02/15,3305.0,3335.0,3275.0,3285.0,248800
2017/02/16,3280.0,3290.0,3250.0,3255.0,213100
2017/02/17,3255.0,3295.0,3235.0,3290.0,242200
2017/02/20,3280.0,3285.0,3260.0,3285.0,125800
2017/02/21,3275.0,3285.0,3250.0,3280.0,131900
2017/02/22,3310.0,3325.0,3270.0,3290.0,216400
2017/02/23,3295.0,3365.0,3290.0,3360.0,261000
2017/02/24,3355.0,3385.0,3330.0,3340.0,218200
2017/02/27,3335.0,3360.0,3300.0,3345.0,212000
2017/02/28,3350.0,3380.0,3330.0,3365.0,240500
2017/03/01,3390.0,3405.0,3365.0,3400.0,197100
2017/03/02,3415.0,3435.0,3390.0,3400.0,241900
2017/03/03,3425.0,3480.0,3410.0,3455.0,279400
2017/03/06,3475.0,3500.0,3465.0,3495.0,234000
2017/03/07,3500.0,3520.0,3485.0,3495.0,241600
2017/03/08,3510.0,3540.0,3465.0,3485.0,344400
2017/03/09,3495.0,3500.0,3430.0,3465.0,182100
2017/03/10,3440.0,3495.0,3440.0,3490.0,290100
2017/03/13,3495.0,3515.0,3480.0,3495.0,130100
2017/03/14,3495.0,3530.0,3475.0,3530.0,143800
2017/03/15,3500.0,3505.0,3460.0,3465.0,257100
2017/03/16,3465.0,3485.0,3455.0,3480.0,151200
2017/03/17,3465.0,3495.0,3445.0,3480.0,236700
2017/03/21,3490.0,3580.0,3480.0,3580.0,274500
2017/03/22,3555.0,3565.0,3500.0,3500.0,251500
2017/03/23,3450.0,3505.0,3450.0,3500.0,200000
2017/03/24,3485.0,3520.0,3475.0,3505.0,238100
2017/03/27,3480.0,3500.0,3455.0,3475.0,254400
2017/03/28,3470.0,3495.0,3435.0,3490.0,496800
2017/03/29,3460.0,3525.0,3445.0,3510.0,297400
2017/03/30,3495.0,3520.0,3430.0,3435.0,200900
2017/03/31,3435.0,3450.0,3370.0,3370.0,234000
2017/04/03,3375.0,3410.0,3375.0,3395.0,187900
2017/04/04,3380.0,3395.0,3310.0,3320.0,214900
2017/04/05,3335.0,3395.0,3335.0,3350.0,207300
2017/04/06,3330.0,3355.0,3255.0,3270.0,149300
2017/04/07,3270.0,3290.0,3230.0,3270.0,277500
2017/04/10,3255.0,3280.0,3230.0,3255.0,185300
2017/04/11,3225.0,3295.0,3225.0,3265.0,196100
2017/04/12,3230.0,3265.0,3215.0,3265.0,201300
2017/04/13,3260.0,3335.0,3260.0,3315.0,302700
2017/04/14,3340.0,3355.0,3225.0,3240.0,295300
2017/04/17,3240.0,3285.0,3235.0,3280.0,174100
2017/04/18,3005.0,3080.0,2987.0,2996.0,1661300
2017/04/19,3005.0,3090.0,3000.0,3070.0,736300
2017/04/20,3065.0,3065.0,3000.0,3020.0,424200
2017/04/21,3035.0,3045.0,3015.0,3045.0,302100
2017/04/24,3065.0,3065.0,3030.0,3050.0,178000
2017/04/25,3060.0,3090.0,3030.0,3090.0,295400
2017/04/26,3145.0,3155.0,3100.0,3115.0,265400
2017/04/27,3105.0,3175.0,3105.0,3160.0,333600
2017/04/28,3175.0,3225.0,3150.0,3185.0,343300
2017/05/01,3165.0,3190.0,3140.0,3150.0,208700
2017/05/02,3175.0,3205.0,3165.0,3190.0,366500
2017/05/08,3250.0,3280.0,3230.0,3270.0,322100
2017/05/09,3235.0,3235.0,3045.0,3160.0,1181700
2017/05/10,3160.0,3170.0,3080.0,3130.0,603000
2017/05/11,3135.0,3160.0,3110.0,3140.0,320000
2017/05/12,3135.0,3150.0,3100.0,3120.0,393700
2017/05/15,3105.0,3135.0,3095.0,3130.0,256200
2017/05/16,3165.0,3225.0,3165.0,3215.0,467300
2017/05/17,3185.0,3205.0,3170.0,3185.0,192700
2017/05/18,3150.0,3155.0,3130.0,3135.0,266600
2017/05/19,3125.0,3140.0,3100.0,3135.0,317900
2017/05/22,3125.0,3130.0,3090.0,3120.0,298300
2017/05/23,3120.0,3150.0,3110.0,3125.0,176300
2017/05/24,3150.0,3165.0,3145.0,3165.0,183500
2017/05/25,3170.0,3195.0,3165.0,3175.0,199400
2017/05/26,3180.0,3180.0,3120.0,3125.0,197800
2017/05/29,3125.0,3225.0,3115.0,3220.0,289900
2017/05/30,3215.0,3225.0,3165.0,3185.0,215300
2017/05/31,3190.0,3210.0,3140.0,3170.0,197300
2017/06/01,3155.0,3190.0,3145.0,3190.0,183800
2017/06/02,3185.0,3185.0,3155.0,3160.0,220800
2017/06/05,3160.0,3195.0,3145.0,3185.0,273800
2017/06/06,3170.0,3180.0,3125.0,3135.0,247200
2017/06/07,3130.0,3140.0,3090.0,3120.0,248500
2017/06/08,3135.0,3155.0,3100.0,3120.0,292100
2017/06/09,3115.0,3120.0,3070.0,3075.0,270700
2017/06/12,3080.0,3110.0,3065.0,3100.0,144700
2017/06/13,3105.0,3135.0,3090.0,3115.0,164000
2017/06/14,3125.0,3160.0,3120.0,3145.0,210600
2017/06/15,3145.0,3185.0,3140.0,3155.0,200700
2017/06/16,3175.0,3175.0,3110.0,3120.0,186200
2017/06/19,3125.0,3130.0,3095.0,3100.0,145600
2017/06/20,3100.0,3110.0,3080.0,3090.0,207000
2017/06/21,3085.0,3095.0,3070.0,3070.0,130800
2017/06/22,3070.0,3070.0,3030.0,3035.0,227300
2017/06/23,3040.0,3040.0,3000.0,3010.0,214600
2017/06/26,3015.0,3025.0,3000.0,3020.0,135700
2017/06/27,3020.0,3020.0,3000.0,3005.0,133200
2017/06/28,3000.0,3015.0,2990.0,2998.0,219500
2017/06/29,2998.0,3015.0,2961.0,3015.0,274100
2017/06/30,2999.0,2999.0,2965.0,2968.0,320800
2017/07/03,2981.0,2983.0,2942.0,2948.0,267300
2017/07/04,2958.0,2960.0,2932.0,2951.0,290800
2017/07/05,2950.0,2950.0,2905.0,2933.0,231200
2017/07/06,2922.0,2981.0,2914.0,2981.0,325400
2017/07/07,2978.0,3005.0,2920.0,2925.0,446400
2017/07/10,2926.0,2934.0,2911.0,2915.0,247200
2017/07/11,2915.0,2924.0,2903.0,2914.0,272600
2017/07/12,2914.0,2933.0,2905.0,2921.0,238300
2017/07/13,2943.0,2989.0,2933.0,2934.0,379300
2017/07/14,2936.0,2952.0,2926.0,2929.0,261400
2017/07/18,2942.0,2959.0,2916.0,2919.0,184800
2017/07/19,2920.0,2939.0,2917.0,2921.0,169300
2017/07/20,3120.0,3175.0,3095.0,3160.0,1288400
2017/07/21,3125.0,3135.0,3105.0,3120.0,408200
2017/07/24,3110.0,3125.0,3090.0,3095.0,229100
2017/07/25,3080.0,3090.0,3045.0,3050.0,289400
2017/07/26,3050.0,3055.0,3015.0,3050.0,266600
2017/07/27,3045.0,3105.0,3045.0,3075.0,228700
2017/07/28,3055.0,3085.0,3040.0,3060.0,136200
2017/07/31,3035.0,3050.0,3010.0,3010.0,263700
2017/08/01,3010.0,3070.0,3005.0,3060.0,248800
2017/08/02,3065.0,3070.0,3030.0,3035.0,135000
2017/08/03,3025.0,3050.0,3015.0,3040.0,205700
2017/08/04,3010.0,3045.0,3000.0,3040.0,210900
2017/08/07,3045.0,3060.0,3025.0,3030.0,206200
2017/08/08,3065.0,3170.0,3055.0,3100.0,486800
2017/08/09,3105.0,3120.0,3075.0,3105.0,191300
2017/08/10,3115.0,3145.0,3095.0,3145.0,212300
2017/08/14,3135.0,3175.0,3110.0,3155.0,245800
2017/08/15,3160.0,3175.0,3135.0,3150.0,207800
2017/08/16,3155.0,3185.0,3155.0,3180.0,131600
2017/08/17,3180.0,3195.0,3155.0,3160.0,134400
2017/08/18,3130.0,3145.0,3120.0,3140.0,114300
2017/08/21,3125.0,3150.0,3125.0,3145.0,91200
2017/08/22,3135.0,3145.0,3085.0,3090.0,188500
2017/08/23,3110.0,3115.0,3095.0,3100.0,125100
2017/08/24,3100.0,3110.0,3085.0,3090.0,107600
2017/08/25,3085.0,3090.0,3045.0,3055.0,139700
2017/08/28,3065.0,3090.0,3060.0,3090.0,95100
2017/08/29,3075.0,3090.0,3055.0,3065.0,119300
2017/08/30,3070.0,3135.0,3060.0,3125.0,194300
2017/08/31,3150.0,3190.0,3135.0,3190.0,260500
2017/09/01,3185.0,3185.0,3160.0,3180.0,92200
2017/09/04,3165.0,3175.0,3125.0,3125.0,113000
2017/09/05,3130.0,3130.0,3060.0,3060.0,100100
2017/09/06,3090.0,3165.0,3065.0,3145.0,252500
2017/09/07,3145.0,3175.0,3120.0,3145.0,157300
2017/09/08,3100.0,3180.0,3095.0,3160.0,340700
2017/09/11,3200.0,3345.0,3200.0,3310.0,501300
2017/09/12,3325.0,3325.0,3255.0,3275.0,275000
2017/09/13,3285.0,3305.0,3260.0,3295.0,233300
2017/09/14,3250.0,3250.0,3205.0,3240.0,336800
2017/09/15,3260.0,3295.0,3255.0,3265.0,197400
2017/09/19,3285.0,3320.0,3270.0,3315.0,145300
2017/09/20,3290.0,3310.0,3275.0,3285.0,129400
2017/09/21,3280.0,3295.0,3265.0,3270.0,136600
2017/09/22,3270.0,3280.0,3235.0,3270.0,178100
2017/09/25,3280.0,3280.0,3255.0,3280.0,101800
2017/09/26,3285.0,3295.0,3265.0,3295.0,146800
2017/09/27,3320.0,3345.0,3270.0,3285.0,149600
2017/09/28,3265.0,3305.0,3235.0,3295.0,196400
2017/09/29,3285.0,3325.0,3280.0,3310.0,176000
2017/10/02,3325.0,3355.0,3310.0,3335.0,197600
2017/10/03,3350.0,3445.0,3340.0,3430.0,372500
2017/10/04,3440.0,3500.0,3430.0,3475.0,292100
2017/10/05,3495.0,3560.0,3460.0,3535.0,415900
2017/10/06,3530.0,3530.0,3475.0,3495.0,290400
2017/10/10,3490.0,3540.0,3475.0,3500.0,188800
2017/10/11,3480.0,3510.0,3455.0,3455.0,189600
2017/10/12,3460.0,3490.0,3455.0,3460.0,211000
2017/10/13,3455.0,3510.0,3455.0,3495.0,231600
2017/10/16,3500.0,3535.0,3495.0,3525.0,183000
2017/10/17,3520.0,3520.0,3465.0,3490.0,224200
2017/10/18,3455.0,3455.0,3390.0,3410.0,457100
2017/10/19,3425.0,3435.0,3350.0,3365.0,319100
2017/10/20,3355.0,3395.0,3350.0,3395.0,208500
2017/10/23,3420.0,3430.0,3370.0,3410.0,240200
2017/10/24,3410.0,3450.0,3355.0,3425.0,386000
2017/10/25,3420.0,3425.0,3385.0,3395.0,171700
2017/10/26,3395.0,3415.0,3380.0,3385.0,142400
2017/10/27,3430.0,3455.0,3405.0,3425.0,247500
2017/10/30,3410.0,3450.0,3405.0,3415.0,199900
2017/10/31,3415.0,3495.0,3390.0,3495.0,388400
2017/11/01,3500.0,3560.0,3490.0,3520.0,279200
2017/11/02,3530.0,3540.0,3485.0,3490.0,229700
2017/11/06,3535.0,3545.0,3475.0,3475.0,164700
2017/11/07,3155.0,3245.0,3100.0,3220.0,1218200
2017/11/08,3215.0,3215.0,3175.0,3200.0,513100
2017/11/09,3210.0,3230.0,3170.0,3190.0,502900
2017/11/10,3175.0,3190.0,3160.0,3170.0,316100
2017/11/13,3170.0,3180.0,3130.0,3140.0,255900
2017/11/14,3150.0,3155.0,3100.0,3100.0,297400
2017/11/15,3110.0,3130.0,3070.0,3085.0,371200
2017/11/16,3085.0,3150.0,3075.0,3130.0,268900
2017/11/17,3135.0,3170.0,3120.0,3135.0,282200
2017/11/20,3130.0,3165.0,3130.0,3130.0,204400
2017/11/21,3145.0,3170.0,3135.0,3140.0,207900
2017/11/22,3160.0,3165.0,3100.0,3105.0,196300
2017/11/24,3110.0,3115.0,3075.0,3095.0,171200
2017/11/27,3115.0,3125.0,3080.0,3095.0,120700
2017/11/28,3090.0,3135.0,3090.0,3115.0,157000
2017/11/29,3135.0,3180.0,3135.0,3160.0,182300
2017/11/30,3200.0,3235.0,3180.0,3230.0,344800
2017/12/01,3235.0,3245.0,3185.0,3195.0,261100
2017/12/04,3230.0,3270.0,3225.0,3225.0,312000
2017/12/05,3260.0,3265.0,3230.0,3260.0,288800
2017/12/06,3270.0,3320.0,3235.0,3250.0,377900
2017/12/07,3285.0,3345.0,3280.0,3345.0,399900
2017/12/08,3375.0,3435.0,3345.0,3420.0,546200
2017/12/11,3400.0,3440.0,3385.0,3425.0,264500
2017/12/12,3430.0,3465.0,3355.0,3380.0,290700
2017/12/13,3370.0,3410.0,3350.0,3350.0,149200
2017/12/14,3350.0,3390.0,3325.0,3360.0,210700
2017/12/15,3360.0,3385.0,3335.0,3350.0,501300
2017/12/18,3395.0,3460.0,3375.0,3445.0,252200
2017/12/19,3440.0,3450.0,3395.0,3435.0,143800
2017/12/20,3435.0,3445.0,3400.0,3415.0,137000
2017/12/21,3385.0,3420.0,3355.0,3400.0,167700
2017/12/22,3405.0,3420.0,3385.0,3390.0,86700
2017/12/25,3390.0,3415.0,3385.0,3405.0,62900
2017/12/26,3405.0,3440.0,3390.0,3410.0,114400
2017/12/27,3425.0,3425.0,3400.0,3415.0,76000
2017/12/28,3420.0,3420.0,3365.0,3370.0,80900
2017/12/29,3370.0,3405.0,3360.0,3400.0,135500
2018/01/04,3430.0,3435.0,3385.0,3415.0,215000
2018/01/05,3430.0,3440.0,3405.0,3415.0,187700
2018/01/09,3385.0,3410.0,3370.0,3390.0,256700
2018/01/10,3400.0,3430.0,3390.0,3390.0,219500
2018/01/11,3370.0,3375.0,3320.0,3325.0,259100
2018/01/12,3305.0,3310.0,3260.0,3270.0,272600
2018/01/15,3255.0,3280.0,3220.0,3260.0,149500
2018/01/16,3250.0,3265.0,3240.0,3260.0,167600
2018/01/17,3250.0,3260.0,3215.0,3235.0,216500
2018/01/18,3235.0,3245.0,3175.0,3180.0,317600
2018/01/19,3170.0,3220.0,3160.0,3190.0,157300
2018/01/22,3220.0,3285.0,3200.0,3255.0,378800
2018/01/23,3240.0,3255.0,3225.0,3240.0,267700
2018/01/24,3245.0,3255.0,3230.0,3245.0,166500
2018/01/25,3220.0,3290.0,3210.0,3280.0,262500
2018/01/26,3280.0,3305.0,3265.0,3285.0,215500
2018/01/29,3285.0,3300.0,3250.0,3255.0,145300
2018/01/30,3255.0,3265.0,3215.0,3240.0,169400
2018/01/31,3240.0,3270.0,3210.0,3215.0,206900
2018/02/01,3225.0,3255.0,3220.0,3245.0,131900
2018/02/02,3230.0,3240.0,3200.0,3210.0,175700
2018/02/05,3185.0,3220.0,3135.0,3135.0,258100
2018/02/06,3100.0,3285.0,3095.0,3255.0,858400
2018/02/07,3280.0,3385.0,3270.0,3325.0,552300
2018/02/08,3330.0,3380.0,3320.0,3360.0,311100
2018/02/09,3270.0,3295.0,3210.0,3275.0,466500
2018/02/13,3300.0,3300.0,3205.0,3210.0,250100
2018/02/14,3210.0,3230.0,3150.0,3175.0,300700
2018/02/15,3180.0,3225.0,3160.0,3165.0,214700
2018/02/16,3200.0,3275.0,3185.0,3250.0,172000
2018/02/19,3275.0,3340.0,3270.0,3330.0,137100
2018/02/20,3320.0,3355.0,3310.0,3345.0,137600
2018/02/21,3300.0,3330.0,3280.0,3310.0,172600
2018/02/22,3255.0,3255.0,3220.0,3225.0,196600
2018/02/23,3225.0,3240.0,3205.0,3215.0,213500
2018/02/26,3255.0,3260.0,3220.0,3220.0,131300
2018/02/27,3245.0,3245.0,3190.0,3195.0,151300
2018/02/28,3190.0,3210.0,3155.0,3160.0,276300
2018/03/01,3175.0,3215.0,3160.0,3180.0,217500
2018/03/02,3165.0,3200.0,3160.0,3175.0,215300
2018/03/05,3165.0,3210.0,3165.0,3200.0,214100
2018/03/06,3230.0,3305.0,3230.0,3285.0,294300
2018/03/07,3290.0,3330.0,3275.0,3300.0,216400
2018/03/08,3275.0,3295.0,3255.0,3275.0,201200
2018/03/09,3290.0,3335.0,3255.0,3260.0,317400
2018/03/12,3275.0,3280.0,3230.0,3250.0,141800
2018/03/13,3245.0,3285.0,3235.0,3270.0,112400
2018/03/14,3280.0,3325.0,3275.0,3315.0,146600
2018/03/15,3310.0,3315.0,3240.0,3270.0,172300
2018/03/16,3280.0,3300.0,3265.0,3275.0,122000
2018/03/19,3270.0,3295.0,3260.0,3275.0,137700
2018/03/20,3270.0,3300.0,3250.0,3285.0,144500
2018/03/22,3270.0,3300.0,3265.0,3290.0,175900
2018/03/23,3260.0,3290.0,3255.0,3265.0,286700
2018/03/26,3255.0,3280.0,3255.0,3275.0,265600
2018/03/27,3275.0,3360.0,3275.0,3355.0,424700
2018/03/28,3285.0,3325.0,3250.0,3320.0,263000
2018/03/29,3335.0,3360.0,3325.0,3355.0,204400
2018/03/30,3350.0,3420.0,3340.0,3400.0,280700
2018/04/02,3365.0,3415.0,3365.0,3390.0,185600
2018/04/03,3380.0,3475.0,3375.0,3465.0,285700
2018/04/04,3480.0,3585.0,3465.0,3565.0,366800
2018/04/05,3585.0,3600.0,3540.0,3550.0,295800
2018/04/06,3550.0,3600.0,3525.0,3570.0,232400
2018/04/09,3590.0,3620.0,3570.0,3610.0,255600
2018/04/10,3620.0,3685.0,3575.0,3595.0,263000
2018/04/11,3585.0,3585.0,3505.0,3560.0,181500
2018/04/12,3545.0,3565.0,3505.0,3560.0,184600
2018/04/13,3565.0,3565.0,3525.0,3545.0,190000
2018/04/16,3565.0,3635.0,3555.0,3630.0,220500
2018/04/17,3620.0,3645.0,3610.0,3630.0,135700
2018/04/18,3635.0,3695.0,3635.0,3685.0,197200
2018/04/19,3685.0,3720.0,3660.0,3715.0,174100
2018/04/20,3730.0,3800.0,3715.0,3780.0,350200
2018/04/23,3780.0,3785.0,3690.0,3695.0,185700
2018/04/24,3675.0,3680.0,3605.0,3620.0,387100
2018/04/25,3585.0,3665.0,3580.0,3635.0,269200
2018/04/26,3645.0,3675.0,3625.0,3670.0,147800
2018/04/27,3690.0,3695.0,3645.0,3685.0,162000
2018/05/01,3665.0,3675.0,3640.0,3665.0,128100
2018/05/02,3680.0,3715.0,3670.0,3690.0,177500
2018/05/07,3700.0,3715.0,3665.0,3690.0,184700
2018/05/08,3785.0,4010.0,3775.0,3900.0,708200
2018/05/09,3955.0,4045.0,3950.0,4005.0,482100
2018/05/10,3980.0,4035.0,3935.0,4010.0,259100
2018/05/11,4030.0,4105.0,4000.0,4100.0,315000
2018/05/14,4100.0,4140.0,4085.0,4095.0,241800
2018/05/15,4090.0,4145.0,4055.0,4080.0,308700
2018/05/16,4065.0,4110.0,4055.0,4080.0,221200
2018/05/17,4110.0,4200.0,4095.0,4175.0,281600
2018/05/18,4180.0,4230.0,4160.0,4175.0,254800
2018/05/21,4150.0,4170.0,4105.0,4125.0,148500
2018/05/22,4085.0,4085.0,4030.0,4065.0,260200
2018/05/23,4050.0,4085.0,4020.0,4060.0,175000
2018/05/24,4060.0,4140.0,4050.0,4110.0,236400
2018/05/25,4065.0,4105.0,4040.0,4090.0,180000
2018/05/28,4115.0,4125.0,4080.0,4090.0,151500
2018/05/29,4090.0,4115.0,4075.0,4115.0,118200
2018/05/30,4075.0,4130.0,4055.0,4115.0,177300
2018/05/31,4100.0,4185.0,4100.0,4155.0,461000
2018/06/01,4140.0,4245.0,4140.0,4140.0,249300
2018/06/04,4155.0,4215.0,4130.0,4160.0,170900
2018/06/05,4190.0,4190.0,4095.0,4125.0,172300
2018/06/06,4105.0,4145.0,4060.0,4100.0,214800
2018/06/07,4030.0,4060.0,3965.0,3970.0,376900
2018/06/08,3960.0,4025.0,3945.0,3995.0,306800
2018/06/11,4025.0,4095.0,4025.0,4085.0,197300
2018/06/12,4105.0,4205.0,4080.0,4195.0,288300
2018/06/13,4205.0,4325.0,4205.0,4270.0,359200
2018/06/14,4290.0,4365.0,4260.0,4305.0,339200
2018/06/15,4350.0,4415.0,4350.0,4355.0,484300
2018/06/18,4370.0,4395.0,4300.0,4315.0,209000
2018/06/19,4270.0,4285.0,4220.0,4230.0,221300
2018/06/20,4220.0,4245.0,4175.0,4225.0,175100
2018/06/21,4225.0,4300.0,4225.0,4240.0,226600
2018/06/22,4255.0,4400.0,4255.0,4385.0,275700
2018/06/25,4375.0,4375.0,4255.0,4265.0,213400
2018/06/26,4320.0,4425.0,4320.0,4390.0,336900
2018/06/27,4385.0,4500.0,4355.0,4490.0,272200
2018/06/28,4520.0,4580.0,4475.0,4510.0,465600
2018/06/29,4460.0,4490.0,4395.0,4455.0,328000
2018/07/02,4435.0,4435.0,4285.0,4290.0,431100
2018/07/03,4255.0,4295.0,4200.0,4250.0,375500
2018/07/04,4195.0,4240.0,4145.0,4230.0,342400
2018/07/05,4215.0,4225.0,4140.0,4170.0,288100
2018/07/06,4240.0,4270.0,4185.0,4210.0,277400
2018/07/09,4230.0,4240.0,4140.0,4155.0,264600
2018/07/10,4155.0,4190.0,4045.0,4045.0,451900
2018/07/11,4040.0,4045.0,3970.0,3980.0,377700
2018/07/12,3935.0,4085.0,3915.0,4005.0,496500
2018/07/13,4015.0,4070.0,3965.0,4035.0,381900
2018/07/17,4010.0,4125.0,4000.0,4090.0,386500
2018/07/18,4130.0,4180.0,4110.0,4120.0,250600
2018/07/19,4075.0,4100.0,4030.0,4035.0,248500
2018/07/20,4050.0,4135.0,4005.0,4050.0,490900
2018/07/23,4050.0,4075.0,3995.0,4005.0,244800
2018/07/24,4060.0,4080.0,4025.0,4055.0,171300
2018/07/25,3985.0,4105.0,3980.0,4085.0,455100
2018/07/26,4105.0,4175.0,4090.0,4165.0,321700
2018/07/27,4180.0,4185.0,4100.0,4120.0,280200
2018/07/30,4110.0,4145.0,4100.0,4120.0,269300
2018/07/31,4120.0,4170.0,4065.0,4155.0,283000
2018/08/01,4165.0,4200.0,4085.0,4125.0,383000
2018/08/02,4125.0,4135.0,4040.0,4060.0,274000
2018/08/03,4110.0,4110.0,3985.0,3995.0,253300
2018/08/06,4010.0,4065.0,4010.0,4025.0,254800
2018/08/07,3895.0,3900.0,3605.0,3820.0,715000
2018/08/08,3805.0,3895.0,3705.0,3785.0,672800
2018/08/09,3785.0,3850.0,3720.0,3835.0,569700
2018/08/10,3875.0,3880.0,3810.0,3815.0,300500
2018/08/13,3810.0,3810.0,3760.0,3760.0,196200
2018/08/14,3770.0,3845.0,3765.0,3835.0,224600
2018/08/15,3845.0,3885.0,3845.0,3875.0,198700
2018/08/16,3900.0,3990.0,3825.0,3875.0,275400
2018/08/17,3890.0,3900.0,3870.0,3880.0,147800
2018/08/20,3890.0,3915.0,3840.0,3850.0,126800
2018/08/21,3840.0,3870.0,3820.0,3860.0,121200
2018/08/22,3835.0,3895.0,3835.0,3880.0,155500
2018/08/23,3840.0,3880.0,3835.0,3835.0,145600
2018/08/24,3855.0,3880.0,3840.0,3875.0,181700
2018/08/27,3855.0,3895.0,3825.0,3855.0,178000
2018/08/28,3830.0,3835.0,3750.0,3755.0,318700
2018/08/29,3735.0,3780.0,3730.0,3755.0,199800
2018/08/30,3825.0,3945.0,3810.0,3890.0,810800
2018/08/31,3870.0,3885.0,3835.0,3855.0,236500
2018/09/03,3855.0,3945.0,3855.0,3930.0,219700
2018/09/04,3980.0,3980.0,3875.0,3900.0,159800
2018/09/05,3880.0,3880.0,3790.0,3800.0,188200
2018/09/06,3780.0,3815.0,3775.0,3775.0,227900
2018/09/07,3775.0,3825.0,3750.0,3815.0,186900
2018/09/10,3845.0,3845.0,3780.0,3805.0,137100
2018/09/11,3800.0,3860.0,3800.0,3825.0,153300
2018/09/12,3800.0,3860.0,3790.0,3855.0,143700
2018/09/13,3875.0,3950.0,3870.0,3915.0,177300
2018/09/14,3935.0,3975.0,3905.0,3915.0,252800
2018/09/18,3920.0,4045.0,3895.0,4040.0,249800
2018/09/19,4060.0,4080.0,4030.0,4065.0,200900
2018/09/20,4115.0,4125.0,4060.0,4095.0,213900
2018/09/21,4140.0,4205.0,4105.0,4145.0,692500
2018/09/25,4110.0,4140.0,4045.0,4085.0,449500
2018/09/26,4090.0,4185.0,4060.0,4175.0,214700
2018/09/27,4165.0,4170.0,4090.0,4125.0,221100
2018/09/28,4145.0,4220.0,4125.0,4190.0,231100
2018/10/01,4195.0,4210.0,4150.0,4180.0,199400
2018/10/02,4210.0,4220.0,4160.0,4195.0,272300
2018/10/03,4220.0,4225.0,4155.0,4170.0,154200
2018/10/04,4165.0,4195.0,4130.0,4180.0,199000
2018/10/05,4165.0,4195.0,4135.0,4175.0,215400
2018/10/09,4170.0,4170.0,4095.0,4105.0,221100
2018/10/10,4085.0,4155.0,4085.0,4140.0,207800
2018/10/11,4070.0,4130.0,4065.0,4100.0,296100
2018/10/12,4060.0,4110.0,4060.0,4085.0,323300
2018/10/15,4065.0,4125.0,4045.0,4080.0,253400
2018/10/16,4060.0,4065.0,4000.0,4035.0,165300
2018/10/17,4050.0,4090.0,4035.0,4090.0,265200
2018/10/18,4050.0,4075.0,4015.0,4015.0,241400
2018/10/19,4015.0,4050.0,3955.0,3970.0,232000
2018/10/22,4000.0,4065.0,3985.0,4030.0,251200
2018/10/23,4030.0,4065.0,3940.0,3970.0,301400
2018/10/24,4010.0,4050.0,3975.0,4030.0,170000
2018/10/25,3965.0,3975.0,3890.0,3900.0,205100
2018/10/26,3900.0,3925.0,3865.0,3910.0,319300
2018/10/29,3945.0,4065.0,3925.0,4025.0,304400
2018/10/30,4020.0,4145.0,4010.0,4140.0,458500
2018/10/31,4130.0,4165.0,4070.0,4090.0,197800
2018/11/01,4050.0,4095.0,4030.0,4060.0,155500
2018/11/02,4060.0,4075.0,3985.0,3995.0,176100
2018/11/05,3950.0,4085.0,3925.0,4070.0,261800
2018/11/06,4130.0,4135.0,4010.0,4045.0,369700
2018/11/07,4055.0,4125.0,4045.0,4070.0,217000
2018/11/08,4090.0,4210.0,4070.0,4200.0,242500
2018/11/09,4220.0,4360.0,4220.0,4350.0,436200
2018/11/12,4340.0,4405.0,4320.0,4395.0,199300
2018/11/13,4305.0,4325.0,4265.0,4310.0,248400
2018/11/14,4300.0,4330.0,4270.0,4300.0,148900
2018/11/15,4265.0,4325.0,4250.0,4285.0,141200
2018/11/16,4250.0,4295.0,4235.0,4280.0,195100
2018/11/19,4310.0,4345.0,4285.0,4290.0,229600
2018/11/20,4270.0,4305.0,4230.0,4265.0,211000
2018/11/21,4225.0,4235.0,4180.0,4205.0,128600
2018/11/22,4175.0,4350.0,4165.0,4340.0,183800
2018/11/26,4335.0,4360.0,4275.0,4280.0,285100
2018/11/27,4280.0,4305.0,4185.0,4185.0,173300
2018/11/28,4215.0,4225.0,4180.0,4180.0,141500
2018/11/29,4180.0,4180.0,4055.0,4055.0,225700
2018/11/30,4085.0,4130.0,4085.0,4105.0,223600
2018/12/03,4125.0,4145.0,4085.0,4095.0,148600
2018/12/04,4065.0,4075.0,4005.0,4005.0,215100
2018/12/05,3980.0,4045.0,3965.0,4025.0,183500
2018/12/06,4020.0,4030.0,3945.0,3970.0,196600
2018/12/07,3970.0,4025.0,3960.0,4020.0,178300
2018/12/10,3965.0,3980.0,3890.0,3905.0,149000
2018/12/11,3890.0,3930.0,3855.0,3865.0,176200
2018/12/12,3930.0,3940.0,3870.0,3875.0,194500
2018/12/13,3900.0,3935.0,3875.0,3880.0,197700
2018/12/14,3860.0,3890.0,3840.0,3870.0,249500
2018/12/17,3870.0,3885.0,3830.0,3860.0,155200
2018/12/18,3800.0,3810.0,3755.0,3775.0,167100
2018/12/19,3775.0,3795.0,3730.0,3745.0,198500
2018/12/20,3785.0,3815.0,3710.0,3775.0,360100
2018/12/21,3775.0,3835.0,3725.0,3795.0,598400
2018/12/25,3640.0,3645.0,3490.0,3510.0,248800
2018/12/26,3535.0,3645.0,3510.0,3585.0,235100
2018/12/27,3680.0,3750.0,3665.0,3735.0,228400
2018/12/28,3735.0,3750.0,3660.0,3695.0,158200
2019/01/04,3640.0,3695.0,3620.0,3670.0,239900
2019/01/07,3710.0,3740.0,3665.0,3725.0,262700
2019/01/08,3720.0,3740.0,3695.0,3730.0,208900
2019/01/09,3750.0,3815.0,3740.0,3805.0,209300
2019/01/10,3780.0,3830.0,3740.0,3790.0,165700
2019/01/11,3810.0,3830.0,3780.0,3790.0,257300
2019/01/15,3725.0,3775.0,3705.0,3725.0,202600
2019/01/16,3760.0,3785.0,3735.0,3775.0,119200
2019/01/17,3775.0,3790.0,3720.0,3735.0,168300
2019/01/18,3745.0,3815.0,3735.0,3780.0,158300
2019/01/21,3835.0,3860.0,3775.0,3790.0,116100
2019/01/22,3810.0,3820.0,3770.0,3805.0,114900
2019/01/23,3760.0,3795.0,3750.0,3775.0,135600
2019/01/24,3770.0,3780.0,3750.0,3760.0,90100
2019/01/25,3745.0,3770.0,3695.0,3700.0,155800
2019/01/28,3680.0,3690.0,3640.0,3650.0,136000
2019/01/29,3640.0,3705.0,3640.0,3695.0,144800
2019/01/30,3710.0,3710.0,3650.0,3650.0,138500
2019/01/31,3665.0,3725.0,3665.0,3700.0,176400
2019/02/01,3730.0,3750.0,3700.0,3745.0,182900
2019/02/04,3750.0,3770.0,3715.0,3740.0,228700
2019/02/05,3765.0,3770.0,3690.0,3750.0,303400
2019/02/06,3735.0,3735.0,3655.0,3670.0,261400
2019/02/07,3685.0,3700.0,3615.0,3615.0,225800
2019/02/08,3600.0,3625.0,3555.0,3555.0,209900
2019/02/12,3570.0,3635.0,3525.0,3555.0,377200
2019/02/13,3555.0,3630.0,3530.0,3615.0,344500
2019/02/14,3615.0,3655.0,3610.0,3625.0,133800
2019/02/15,3600.0,3640.0,3575.0,3640.0,146900
2019/02/18,3670.0,3720.0,3655.0,3705.0,194600
2019/02/19,3730.0,3790.0,3720.0,3725.0,253200
2019/02/20,3700.0,3730.0,3685.0,3700.0,147000
2019/02/21,3680.0,3725.0,3660.0,3710.0,217300
2019/02/22,3735.0,3740.0,3700.0,3705.0,120600
2019/02/25,3730.0,3740.0,3700.0,3705.0,143100
2019/02/26,3710.0,3725.0,3680.0,3695.0,154800
2019/02/27,3705.0,3725.0,3680.0,3690.0,176200
2019/02/28,3720.0,3750.0,3700.0,3715.0,196500
2019/03/01,3730.0,3750.0,3715.0,3745.0,105400
2019/03/04,3770.0,3775.0,3750.0,3765.0,136100
2019/03/05,3760.0,3775.0,3735.0,3745.0,129800
2019/03/06,3735.0,3755.0,3730.0,3740.0,124700
2019/03/07,3755.0,3830.0,3745.0,3820.0,218500
2019/03/08,3790.0,3805.0,3755.0,3760.0,283500
2019/03/11,3780.0,3795.0,3750.0,3770.0,146100
2019/03/12,3795.0,3820.0,3775.0,3810.0,177600
2019/03/13,3820.0,3875.0,3820.0,3845.0,201400
2019/03/14,3885.0,3950.0,3875.0,3930.0,271500
2019/03/15,3955.0,4035.0,3950.0,3990.0,393600
2019/03/18,4030.0,4055.0,4005.0,4050.0,205700
2019/03/19,4045.0,4045.0,3990.0,4040.0,175900
2019/03/20,4030.0,4050.0,4010.0,4050.0,119300
2019/03/22,4075.0,4085.0,4015.0,4050.0,178700
2019/03/25,4015.0,4025.0,3975.0,4005.0,242200
2019/03/26,4050.0,4075.0,4020.0,4075.0,365200
2019/03/27,4015.0,4040.0,3975.0,4005.0,216600
2019/03/28,3990.0,4005.0,3930.0,3970.0,212700
2019/03/29,3975.0,3995.0,3950.0,3960.0,175500
2019/04/01,4005.0,4025.0,3970.0,3985.0,183600
2019/04/02,4000.0,4000.0,3900.0,3900.0,175300
2019/04/03,3860.0,3870.0,3800.0,3820.0,246600
2019/04/04,3845.0,3845.0,3785.0,3815.0,116200
2019/04/05,3820.0,3830.0,3785.0,3795.0,135700
2019/04/08,3820.0,3830.0,3795.0,3805.0,99400
2019/04/09,3785.0,3785.0,3720.0,3735.0,135600
2019/04/10,3705.0,3735.0,3685.0,3700.0,145800
2019/04/11,3680.0,3715.0,3680.0,3685.0,101800
2019/04/12,3690.0,3690.0,3620.0,3635.0,186600
2019/04/15,3670.0,3685.0,3645.0,3665.0,120900
2019/04/16,3645.0,3690.0,3635.0,3675.0,123000
2019/04/17,3660.0,3670.0,3615.0,3615.0,173400
2019/04/18,3600.0,3610.0,3560.0,3565.0,178100
2019/04/19,3595.0,3595.0,3570.0,3580.0,107500
2019/04/22,3560.0,3595.0,3560.0,3580.0,116800
2019/04/23,3595.0,3615.0,3575.0,3585.0,110600
2019/04/24,3595.0,3595.0,3500.0,3500.0,193300
2019/04/25,3530.0,3560.0,3510.0,3550.0,160600
2019/04/26,3515.0,3530.0,3490.0,3520.0,154600
